﻿<?xml version="1.0" encoding="utf-8"?>
<deployment>
  <id>53d7e42aef23ce1e1b585ee0f8e122bcf3ac1420</id>
  <author>Chad Martin</author>
  <deployer>GitHub</deployer>
  <authorEmail>Chad Martin</authorEmail>
  <message>azure code test
</message>
  <progress></progress>
  <status>Success</status>
  <statusText></statusText>
  <lastSuccessEndTime>2017-04-28T19:26:38.2082026Z</lastSuccessEndTime>
  <receivedTime>2017-04-28T19:22:39.4008244Z</receivedTime>
  <startTime>2017-04-28T19:22:39.479229Z</startTime>
  <endTime>2017-04-28T19:26:38.2082026Z</endTime>
  <complete>True</complete>
  <is_temp>False</is_temp>
  <is_readonly>False</is_readonly>
</deployment>