﻿<?xml version="1.0" encoding="utf-8"?>
<deployment>
  <id>95b47f6bbdffcb7322e018e3ab7306dd89169f18</id>
  <author>Chad Martin</author>
  <deployer>GitHub</deployer>
  <authorEmail>Chad Martin</authorEmail>
  <message>azure deploy 8
</message>
  <progress></progress>
  <status>Success</status>
  <statusText></statusText>
  <lastSuccessEndTime>2017-04-29T06:37:38.1551506Z</lastSuccessEndTime>
  <receivedTime>2017-04-29T06:36:43.4845872Z</receivedTime>
  <startTime>2017-04-29T06:36:43.6721124Z</startTime>
  <endTime>2017-04-29T06:37:38.1551506Z</endTime>
  <complete>True</complete>
  <is_temp>False</is_temp>
  <is_readonly>False</is_readonly>
</deployment>