<step title="BackgroundTrace" date="2017-04-29T04:34:49.122" instance="a544f2" url="/deploy" method="POST" >
  <step title="Performing fetch based deployment" date="2017-04-29T04:34:49.138" >
    <step title="Creating temporary deployment" date="2017-04-29T04:34:49.169" /><!-- duration: 78ms -->
    <step title="LibGit2SharpRepository Add Remote" date="2017-04-29T04:34:49.326" >
      <step title="Git remote exists" date="2017-04-29T04:34:49.326" /><!-- duration: 0ms -->
    </step><!-- duration: 0ms -->
    <step title="LibGit2SharpRepository Fetch" date="2017-04-29T04:34:49.326" /><!-- duration: 711ms -->
    <step title="LibGit2SharpRepository Update" date="2017-04-29T04:34:50.036" /><!-- duration: 219ms -->
    <step title="DeploymentManager.Deploy(id:2c6a856ad77d74c73b7eda7f5de2749720445d47)" date="2017-04-29T04:34:50.290" >
      <step title="Collecting changeset information" date="2017-04-29T04:34:50.290" /><!-- duration: 31ms -->
      <step title="Updating submodules" date="2017-04-29T04:34:50.321" /><!-- duration: 32ms -->
      <step title="Determining deployment builder" date="2017-04-29T04:34:50.416" >
        <step title="Builder is NodeSiteBuilder" date="2017-04-29T04:34:50.416" /><!-- duration: 0ms -->
      </step><!-- duration: 16ms -->
      <step title="Copying SSH keys" date="2017-04-29T04:34:50.434" /><!-- duration: 16ms -->
      <step title="Building" date="2017-04-29T04:34:50.449" >
        <step title="Generating deployment script" date="2017-04-29T04:34:50.465" >
          <step title="Using cached version of the deployment script for command: -y --no-dot-deployment -r &quot;D:\home\site\repository&quot; -o &quot;D:\home\site\deployments\tools&quot; --node --sitePath &quot;D:\home\site\repository&quot;" date="2017-04-29T04:34:50.499" /><!-- duration: 0ms -->
        </step><!-- duration: 34ms -->
        <step title="Executing external process" date="2017-04-29T04:34:50.547" type="process" path="starter.cmd" arguments="&quot;D:\home\site\deployments\tools\deploy.cmd&quot;" /><!-- duration: 53028ms -->
        <step title="Functions are not enabled" date="2017-04-29T04:35:43.622" /><!-- duration: 0ms -->
      </step><!-- duration: 53330ms -->
    </step><!-- duration: 53489ms -->
    <step title="Cleaning up temp files" date="2017-04-29T04:35:43.779" /><!-- duration: 0ms -->
    <step title="WebHooksManager.PublishEventAsync: PostDeployment" date="2017-04-29T04:35:43.794" /><!-- duration: 31ms -->
  </step><!-- duration: 54735ms -->
</step><!-- duration: 54750ms -->
