<step title="BackgroundTrace" date="2017-04-26T00:44:10.761" instance="b6c882" url="/deploy" method="POST" >
  <step title="Creating temporary deployment" date="2017-04-26T00:44:10.792" /><!-- duration: 15ms -->
  <step title="Performing fetch based deployment" date="2017-04-26T00:44:10.808" >
    <step title="LibGit2SharpRepository Initialize" date="2017-04-26T00:44:10.870" >
      <step title="Configure git server" date="2017-04-26T00:44:11.124" /><!-- duration: 16ms -->
      <step title="Create deny users for .git folder" date="2017-04-26T00:44:11.140" /><!-- duration: 0ms -->
      <step title="Configure git-credential" date="2017-04-26T00:44:11.140" /><!-- duration: 16ms -->
      <step title="Setup post receive hook" date="2017-04-26T00:44:11.155" /><!-- duration: 16ms -->
    </step><!-- duration: 301ms -->
    <step title="LibGit2SharpRepository Add Remote" date="2017-04-26T00:44:11.171" >
      <step title="Git remote added" date="2017-04-26T00:44:11.206" /><!-- duration: 15ms -->
    </step><!-- duration: 50ms -->
    <step title="LibGit2SharpRepository Fetch" date="2017-04-26T00:44:11.221" /><!-- duration: 844ms -->
    <step title="LibGit2SharpRepository Update" date="2017-04-26T00:44:12.065" /><!-- duration: 782ms -->
    <step title="DeploymentManager.Deploy(id:e2c5342108080d6fae0aa47d740e51b86a5cb1e5)" date="2017-04-26T00:44:12.862" >
      <step title="Collecting changeset information" date="2017-04-26T00:44:12.862" /><!-- duration: 31ms -->
      <step title="Updating submodules" date="2017-04-26T00:44:12.909" /><!-- duration: 16ms -->
      <step title="Determining deployment builder" date="2017-04-26T00:44:12.988" >
        <step title="Builder is NodeSiteBuilder" date="2017-04-26T00:44:12.988" /><!-- duration: 16ms -->
      </step><!-- duration: 16ms -->
      <step title="Copying SSH keys" date="2017-04-26T00:44:13.098" /><!-- duration: 0ms -->
      <step title="Building" date="2017-04-26T00:44:13.098" >
        <step title="Generating deployment script" date="2017-04-26T00:44:13.119" >
          <step title="Using cached version of the deployment script for command: -y --no-dot-deployment -r &quot;D:\home\site\repository&quot; -o &quot;D:\home\site\deployments\tools&quot; --node --sitePath &quot;D:\home\site\repository&quot;" date="2017-04-26T00:44:13.135" /><!-- duration: 16ms -->
        </step><!-- duration: 31ms -->
        <step title="Executing external process" date="2017-04-26T00:44:13.199" type="process" path="starter.cmd" arguments="&quot;D:\home\site\deployments\tools\deploy.cmd&quot;" /><!-- duration: 25415ms -->
        <step title="Functions are not enabled" date="2017-04-26T00:44:38.661" /><!-- duration: 0ms -->
      </step><!-- duration: 25672ms -->
    </step><!-- duration: 25908ms -->
    <step title="Cleaning up temp files" date="2017-04-26T00:44:38.770" /><!-- duration: 16ms -->
    <step title="WebHooksManager.PublishEventAsync: PostDeployment" date="2017-04-26T00:44:38.801" /><!-- duration: 16ms -->
  </step><!-- duration: 28025ms -->
</step><!-- duration: 28088ms -->
