<step title="BackgroundTrace" date="2017-04-29T06:36:42.297" instance="a544f2" url="/deploy" method="POST" >
  <step title="Performing fetch based deployment" date="2017-04-29T06:36:42.531" >
    <step title="Creating temporary deployment" date="2017-04-29T06:36:42.531" /><!-- duration: 16ms -->
    <step title="LibGit2SharpRepository Add Remote" date="2017-04-29T06:36:42.593" >
      <step title="Git remote exists" date="2017-04-29T06:36:42.609" /><!-- duration: 0ms -->
    </step><!-- duration: 16ms -->
    <step title="LibGit2SharpRepository Fetch" date="2017-04-29T06:36:42.609" /><!-- duration: 563ms -->
    <step title="LibGit2SharpRepository Update" date="2017-04-29T06:36:43.172" /><!-- duration: 250ms -->
    <step title="DeploymentManager.Deploy(id:95b47f6bbdffcb7322e018e3ab7306dd89169f18)" date="2017-04-29T06:36:43.468" >
      <step title="Collecting changeset information" date="2017-04-29T06:36:43.468" /><!-- duration: 125ms -->
      <step title="Updating submodules" date="2017-04-29T06:36:43.593" /><!-- duration: 31ms -->
      <step title="Determining deployment builder" date="2017-04-29T06:36:43.687" >
        <step title="Builder is NodeSiteBuilder" date="2017-04-29T06:36:43.687" /><!-- duration: 0ms -->
      </step><!-- duration: 0ms -->
      <step title="Copying SSH keys" date="2017-04-29T06:36:43.718" /><!-- duration: 0ms -->
      <step title="Building" date="2017-04-29T06:36:43.718" >
        <step title="Generating deployment script" date="2017-04-29T06:36:43.750" >
          <step title="Using cached version of the deployment script for command: -y --no-dot-deployment -r &quot;D:\home\site\repository&quot; -o &quot;D:\home\site\deployments\tools&quot; --node --sitePath &quot;D:\home\site\repository&quot;" date="2017-04-29T06:36:43.765" /><!-- duration: 16ms -->
        </step><!-- duration: 31ms -->
        <step title="Executing external process" date="2017-04-29T06:36:43.812" type="process" path="starter.cmd" arguments="&quot;D:\home\site\deployments\tools\deploy.cmd&quot;" /><!-- duration: 54233ms -->
        <step title="Functions are not enabled" date="2017-04-29T06:37:38.077" /><!-- duration: 0ms -->
      </step><!-- duration: 54611ms -->
    </step><!-- duration: 54861ms -->
    <step title="Cleaning up temp files" date="2017-04-29T06:37:38.329" /><!-- duration: 0ms -->
    <step title="WebHooksManager.PublishEventAsync: PostDeployment" date="2017-04-29T06:37:38.345" /><!-- duration: 16ms -->
  </step><!-- duration: 55845ms -->
</step><!-- duration: 56095ms -->
