<step title="BackgroundTrace" date="2017-04-28T19:22:38.251" instance="b6c882" url="/deploy" method="POST" >
  <step title="Performing fetch based deployment" date="2017-04-28T19:22:38.283" >
    <step title="Creating temporary deployment" date="2017-04-28T19:22:38.313" /><!-- duration: 16ms -->
    <step title="LibGit2SharpRepository Add Remote" date="2017-04-28T19:22:38.423" >
      <step title="Git remote exists" date="2017-04-28T19:22:38.423" /><!-- duration: 16ms -->
    </step><!-- duration: 16ms -->
    <step title="LibGit2SharpRepository Fetch" date="2017-04-28T19:22:38.438" /><!-- duration: 703ms -->
    <step title="LibGit2SharpRepository Update" date="2017-04-28T19:22:39.141" /><!-- duration: 212ms -->
    <step title="DeploymentManager.Deploy(id:53d7e42aef23ce1e1b585ee0f8e122bcf3ac1420)" date="2017-04-28T19:22:39.384" >
      <step title="Collecting changeset information" date="2017-04-28T19:22:39.400" /><!-- duration: 16ms -->
      <step title="Updating submodules" date="2017-04-28T19:22:39.416" /><!-- duration: 31ms -->
      <step title="Determining deployment builder" date="2017-04-28T19:22:39.494" >
        <step title="Builder is NodeSiteBuilder" date="2017-04-28T19:22:39.510" /><!-- duration: 0ms -->
      </step><!-- duration: 16ms -->
      <step title="Copying SSH keys" date="2017-04-28T19:22:39.526" /><!-- duration: 0ms -->
      <step title="Building" date="2017-04-28T19:22:39.526" >
        <step title="Generating deployment script" date="2017-04-28T19:22:39.557" >
          <step title="Executing external process" date="2017-04-28T19:22:39.572" type="process" path="starter.cmd" arguments="&quot;D:\Program Files (x86)\SiteExtensions\Kudu\62.60413.2788\bin\node_modules\.bin\kuduscript.cmd&quot; -y --no-dot-deployment -r &quot;D:\home\site\repository&quot; -o &quot;D:\home\site\deployments\tools&quot; --node --sitePath &quot;D:\home\site\repository&quot;" /><!-- duration: 968ms -->
          <step title="Saved cached version of the deployment script for command -y --no-dot-deployment -r &quot;D:\home\site\repository&quot; -o &quot;D:\home\site\deployments\tools&quot; --node --sitePath &quot;D:\home\site\repository&quot;" date="2017-04-28T19:22:40.556" /><!-- duration: 0ms -->
        </step><!-- duration: 999ms -->
        <step title="Executing external process" date="2017-04-28T19:22:40.588" type="process" path="starter.cmd" arguments="&quot;D:\home\site\deployments\tools\deploy.cmd&quot;" /><!-- duration: 237531ms -->
        <step title="Functions are not enabled" date="2017-04-28T19:26:38.176" /><!-- duration: 0ms -->
      </step><!-- duration: 238745ms -->
    </step><!-- duration: 238886ms -->
    <step title="Cleaning up temp files" date="2017-04-28T19:26:38.270" /><!-- duration: 0ms -->
    <step title="WebHooksManager.PublishEventAsync: PostDeployment" date="2017-04-28T19:26:38.286" /><!-- duration: 31ms -->
  </step><!-- duration: 240034ms -->
</step><!-- duration: 240082ms -->
