<step title="BackgroundTrace" date="2017-04-26T00:21:47.963" instance="b6c882" url="/deploy" method="POST" >
  <step title="Performing fetch based deployment" date="2017-04-26T00:21:47.979" >
    <step title="Creating temporary deployment" date="2017-04-26T00:21:47.979" /><!-- duration: 16ms -->
    <step title="LibGit2SharpRepository Add Remote" date="2017-04-26T00:21:48.041" >
      <step title="Git remote exists" date="2017-04-26T00:21:48.041" /><!-- duration: 0ms -->
    </step><!-- duration: 0ms -->
    <step title="LibGit2SharpRepository Fetch" date="2017-04-26T00:21:48.041" /><!-- duration: 394ms -->
    <step title="LibGit2SharpRepository Update" date="2017-04-26T00:21:48.435" /><!-- duration: 205ms -->
    <step title="DeploymentManager.Deploy(id:5c56ee0ff013e879cdb54db00adc861ed4bfb3b1)" date="2017-04-26T00:21:48.671" >
      <step title="Collecting changeset information" date="2017-04-26T00:21:48.687" /><!-- duration: 16ms -->
      <step title="Updating submodules" date="2017-04-26T00:21:48.718" /><!-- duration: 31ms -->
      <step title="Determining deployment builder" date="2017-04-26T00:21:48.796" >
        <step title="Builder is CustomBuilder" date="2017-04-26T00:21:48.796" /><!-- duration: 0ms -->
      </step><!-- duration: 0ms -->
      <step title="Copying SSH keys" date="2017-04-26T00:21:48.813" /><!-- duration: 0ms -->
      <step title="Building" date="2017-04-26T00:21:48.813" >
        <step title="Executing external process" date="2017-04-26T00:21:48.877" type="process" path="starter.cmd" arguments="deploy.cmd" >
          <step title="Cpu: node(4804,21.109s)+node(2316,0.422s)+cmd(1816,0.078s)+node(4808,2.391s)+cmd(11464,0.047s)+node(7452,3.391s)+cmd(6008,0.047s)+node(12016,2.516s)+cmd(7716,0.047s)+node(6544,2.313s)+cmd(10644,0.047s)+node(5348,2.563s)+cmd(7616,0.078s)+node(5100,2.438s)+cmd(6436,0.094s)+node(9140,7.375s)+node(8372,0.391s)+cmd(5896,0.016s)+node(12808,2.391s)+cmd(12816,0.063s)+node(4404,2.547s)+cmd(13268,0.047s)+node(2948,1.047s)+cmd(6556,0.031s)+node(13536,2.250s)+cmd(9376,0.125s)=total(53.859s)" date="2017-04-26T00:24:01.167" /><!-- duration: 0ms -->
          <step title="starter.cmd: no io activity for 61s, prev-cpu=-1.000s, current-cpu=53.859s" date="2017-04-26T00:24:01.183" /><!-- duration: 0ms -->
          <step title="Cpu: node(4804,21.500s)+node(2316,0.422s)+cmd(1816,0.078s)+node(4808,2.391s)+cmd(11464,0.047s)+node(7452,3.391s)+cmd(6008,0.047s)+node(12016,2.516s)+cmd(7716,0.047s)+node(6544,2.313s)+cmd(10644,0.047s)+node(5348,2.563s)+cmd(7616,0.078s)+node(5100,2.438s)+cmd(6436,0.094s)+node(9140,7.375s)+node(8372,0.391s)+cmd(5896,0.016s)+node(12808,2.391s)+cmd(12816,0.063s)+node(4404,2.547s)+cmd(13268,0.047s)+node(2948,1.047s)+cmd(6556,0.031s)+node(13536,2.250s)+cmd(9376,0.125s)=total(54.250s)" date="2017-04-26T00:25:01.860" /><!-- duration: 0ms -->
          <step title="starter.cmd: no io activity for 121s, prev-cpu=53.859s, current-cpu=54.250s" date="2017-04-26T00:25:01.876" /><!-- duration: 0ms -->
          <step title="Cpu: node(4804,21.531s)+node(2316,0.422s)+cmd(1816,0.078s)+node(4808,2.391s)+cmd(11464,0.047s)+node(7452,3.391s)+cmd(6008,0.047s)+node(12016,2.516s)+cmd(7716,0.047s)+node(6544,2.313s)+cmd(10644,0.047s)+node(5348,2.563s)+cmd(7616,0.078s)+node(5100,2.438s)+cmd(6436,0.094s)+node(9140,7.375s)+node(8372,0.391s)+cmd(5896,0.016s)+node(12808,2.391s)+cmd(12816,0.063s)+node(4404,2.547s)+cmd(13268,0.047s)+node(2948,1.047s)+cmd(6556,0.031s)+node(13536,2.250s)+cmd(9376,0.125s)=total(54.281s)" date="2017-04-26T00:26:02.510" /><!-- duration: 0ms -->
          <step title="starter.cmd: no io activity for 182s, prev-cpu=54.250s, current-cpu=54.281s" date="2017-04-26T00:26:02.510" /><!-- duration: 0ms -->
          <step title="Cpu: node(4804,21.531s)+node(2316,0.422s)+cmd(1816,0.078s)+node(4808,2.391s)+cmd(11464,0.047s)+node(7452,3.391s)+cmd(6008,0.047s)+node(12016,2.516s)+cmd(7716,0.047s)+node(6544,2.313s)+cmd(10644,0.047s)+node(5348,2.563s)+cmd(7616,0.078s)+node(5100,2.438s)+cmd(6436,0.094s)+node(9140,7.375s)+node(8372,0.391s)+cmd(5896,0.016s)+node(12808,2.391s)+cmd(12816,0.063s)+node(4404,2.547s)+cmd(13268,0.047s)+node(2948,1.047s)+cmd(6556,0.031s)+node(13536,2.250s)+cmd(9376,0.125s)=total(54.281s)" date="2017-04-26T00:27:03.197" /><!-- duration: 0ms -->
          <step title="starter.cmd: no io activity for 243s, prev-cpu=54.281s, current-cpu=54.281s" date="2017-04-26T00:27:03.197" /><!-- duration: 0ms -->
          <step title="Abort Process &apos;node(4804)&apos;." date="2017-04-26T00:27:03.275" /><!-- duration: 0ms -->
          <step title="Abort Process &apos;node(2316)&apos;." date="2017-04-26T00:27:03.275" /><!-- duration: 0ms -->
          <step title="Abort Process &apos;cmd(1816)&apos;." date="2017-04-26T00:27:03.275" /><!-- duration: 0ms -->
          <step title="Abort Process &apos;node(4808)&apos;." date="2017-04-26T00:27:03.290" /><!-- duration: 0ms -->
          <step title="Abort Process &apos;node(7452)&apos;." date="2017-04-26T00:27:03.322" /><!-- duration: 0ms -->
          <step title="Abort Process &apos;cmd(6008)&apos;." date="2017-04-26T00:27:03.337" /><!-- duration: 0ms -->
          <step title="Abort Process &apos;node(12016)&apos;." date="2017-04-26T00:27:03.369" /><!-- duration: 0ms -->
          <step title="Abort Process &apos;node(6544)&apos;." date="2017-04-26T00:27:03.418" /><!-- duration: 0ms -->
          <step title="Abort Process &apos;cmd(10644)&apos;." date="2017-04-26T00:27:03.447" /><!-- duration: 0ms -->
          <step title="Abort Process &apos;node(5348)&apos;." date="2017-04-26T00:27:03.478" /><!-- duration: 0ms -->
          <step title="Abort Process &apos;node(5100)&apos;." date="2017-04-26T00:27:03.510" /><!-- duration: 0ms -->
          <step title="Abort Process &apos;cmd(6436)&apos;." date="2017-04-26T00:27:03.510" /><!-- duration: 20ms -->
          <step title="Abort Process &apos;node(9140)&apos;." date="2017-04-26T00:27:03.530" /><!-- duration: 0ms -->
          <step title="Abort Process &apos;node(12808)&apos;." date="2017-04-26T00:27:03.603" /><!-- duration: 0ms -->
          <step title="Abort Process &apos;cmd(12816)&apos;." date="2017-04-26T00:27:03.621" /><!-- duration: 0ms -->
          <step title="Abort Process &apos;node(4404)&apos;." date="2017-04-26T00:27:03.652" /><!-- duration: 0ms -->
          <step title="Abort Process &apos;node(2948)&apos;." date="2017-04-26T00:27:03.666" /><!-- duration: 16ms -->
          <step title="Abort Process &apos;node(13536)&apos;." date="2017-04-26T00:27:03.697" /><!-- duration: 0ms -->
          <step title="Abort Process &apos;cmd(9376)&apos;." date="2017-04-26T00:27:03.712" /><!-- duration: 0ms -->
        </step><!-- duration: 314836ms -->
        <step title="Error occurred" date="2017-04-26T00:27:03.728" type="error" text="One or more errors occurred." stackTrace="   at System.Threading.Tasks.Task.ThrowIfExceptional(Boolean includeTaskCanceledExceptions)
   at System.Threading.Tasks.Task`1.GetResultCore(Boolean waitCompletionNotification)
   at System.Threading.Tasks.Task`1.get_Result()
   at Kudu.Core.Infrastructure.Executable.ExecuteInternal(ITracer tracer, Func`2 onWriteOutput, Func`2 onWriteError, Encoding encoding, String arguments, Object[] args)
   at Kudu.Core.Infrastructure.Executable.ExecuteWithProgressWriter(ILogger logger, ITracer tracer, String arguments, Object[] args)
   at Kudu.Core.Deployment.Generator.ExternalCommandBuilder.RunCommand(DeploymentContext context, String command, String message)" innerText="Command &apos;starter.cmd deploy.cmd&apos; was aborted due to no output nor CPU activity for 60 seconds. You can increase the SCM_COMMAND_IDLE_TIMEOUT app setting (or WEBJOBS_IDLE_TIMEOUT if this is a WebJob) if needed.
starter.cmd deploy.cmd" innerStackTrace="   at Kudu.Core.Infrastructure.IdleManager.WaitForExit(IProcess process)
   at Kudu.Core.Infrastructure.ProcessExtensions.&lt;Start&gt;d__12.MoveNext()
--- End of stack trace from previous location where exception was thrown ---
   at System.Runtime.CompilerServices.TaskAwaiter.ThrowForNonSuccess(Task task)
   at System.Runtime.CompilerServices.TaskAwaiter.HandleNonSuccessAndDebuggerNotification(Task task)
   at Kudu.Core.Infrastructure.Executable.&lt;ExecuteAsync&gt;d__31.MoveNext()" /><!-- duration: 0ms -->
        <step title="Purge deployment items" date="2017-04-26T00:27:03.837" >
          <step title="Remove 954778429, Failed, received at 4/26/2017 12:02:23 AM" date="2017-04-26T00:27:03.885" /><!-- duration: 0ms -->
        </step><!-- duration: 47ms -->
      </step><!-- duration: 315072ms -->
      <step title="Error occurred" date="2017-04-26T00:27:03.885" type="error" text="One or more errors occurred." stackTrace="   at System.Threading.Tasks.Task.ThrowIfExceptional(Boolean includeTaskCanceledExceptions)
   at System.Threading.Tasks.Task`1.GetResultCore(Boolean waitCompletionNotification)
   at System.Threading.Tasks.Task`1.get_Result()
   at Kudu.Core.Infrastructure.Executable.ExecuteInternal(ITracer tracer, Func`2 onWriteOutput, Func`2 onWriteError, Encoding encoding, String arguments, Object[] args)
   at Kudu.Core.Infrastructure.Executable.ExecuteWithProgressWriter(ILogger logger, ITracer tracer, String arguments, Object[] args)
   at Kudu.Core.Deployment.Generator.ExternalCommandBuilder.RunCommand(DeploymentContext context, String command, String message)
   at Kudu.Core.Deployment.Generator.CustomBuilder.Build(DeploymentContext context)
--- End of stack trace from previous location where exception was thrown ---
   at System.Runtime.CompilerServices.TaskAwaiter.ThrowForNonSuccess(Task task)
   at System.Runtime.CompilerServices.TaskAwaiter.HandleNonSuccessAndDebuggerNotification(Task task)
   at System.Runtime.CompilerServices.TaskAwaiter.ValidateEnd(Task task)
   at Kudu.Core.Deployment.DeploymentManager.&lt;Build&gt;d__35.MoveNext()" innerText="Command &apos;starter.cmd deploy.cmd&apos; was aborted due to no output nor CPU activity for 60 seconds. You can increase the SCM_COMMAND_IDLE_TIMEOUT app setting (or WEBJOBS_IDLE_TIMEOUT if this is a WebJob) if needed.
starter.cmd deploy.cmd" innerStackTrace="   at Kudu.Core.Infrastructure.IdleManager.WaitForExit(IProcess process)
   at Kudu.Core.Infrastructure.ProcessExtensions.&lt;Start&gt;d__12.MoveNext()
--- End of stack trace from previous location where exception was thrown ---
   at System.Runtime.CompilerServices.TaskAwaiter.ThrowForNonSuccess(Task task)
   at System.Runtime.CompilerServices.TaskAwaiter.HandleNonSuccessAndDebuggerNotification(Task task)
   at Kudu.Core.Infrastructure.Executable.&lt;ExecuteAsync&gt;d__31.MoveNext()" /><!-- duration: 0ms -->
    </step><!-- duration: 315229ms -->
    <step title="Cleaning up temp files" date="2017-04-26T00:27:03.900" /><!-- duration: 0ms -->
    <step title="WebHooksManager.PublishEventAsync: PostDeployment" date="2017-04-26T00:27:03.900" /><!-- duration: 16ms -->
  </step><!-- duration: 315968ms -->
</step><!-- duration: 316000ms -->
