<step title="BackgroundTrace" date="2017-04-26T00:02:22.312" instance="b6c882" url="/deploy" method="POST" >
  <step title="Performing fetch based deployment" date="2017-04-26T00:02:22.312" >
    <step title="Creating temporary deployment" date="2017-04-26T00:02:22.312" /><!-- duration: 16ms -->
    <step title="LibGit2SharpRepository Add Remote" date="2017-04-26T00:02:22.375" >
      <step title="Git remote exists" date="2017-04-26T00:02:22.375" /><!-- duration: 0ms -->
    </step><!-- duration: 16ms -->
    <step title="LibGit2SharpRepository Fetch" date="2017-04-26T00:02:22.391" /><!-- duration: 395ms -->
    <step title="LibGit2SharpRepository Update" date="2017-04-26T00:02:22.786" /><!-- duration: 235ms -->
    <step title="DeploymentManager.Deploy(id:954778429f167d857d40ff24fc40368d500353f9)" date="2017-04-26T00:02:23.052" >
      <step title="Collecting changeset information" date="2017-04-26T00:02:23.052" /><!-- duration: 48ms -->
      <step title="Updating submodules" date="2017-04-26T00:02:23.100" /><!-- duration: 31ms -->
      <step title="Determining deployment builder" date="2017-04-26T00:02:23.195" >
        <step title="Builder is CustomBuilder" date="2017-04-26T00:02:23.195" /><!-- duration: 0ms -->
      </step><!-- duration: 0ms -->
      <step title="Copying SSH keys" date="2017-04-26T00:02:23.226" /><!-- duration: 0ms -->
      <step title="Building" date="2017-04-26T00:02:23.242" >
        <step title="Executing external process" date="2017-04-26T00:02:23.322" type="process" path="starter.cmd" arguments="deploy.cmd" >
          <step title="Cpu: node(13936,98.172s)+cmd(7644,0.094s)=total(98.266s)" date="2017-04-26T00:04:11.116" /><!-- duration: 0ms -->
          <step title="starter.cmd: no io activity for 60s, prev-cpu=-1.000s, current-cpu=98.266s" date="2017-04-26T00:04:11.116" /><!-- duration: 0ms -->
          <step title="Cpu: node(13936,132.156s)+cmd(7644,0.094s)=total(132.250s)" date="2017-04-26T00:05:11.430" /><!-- duration: 16ms -->
          <step title="starter.cmd: no io activity for 121s, prev-cpu=98.266s, current-cpu=132.250s" date="2017-04-26T00:05:11.446" /><!-- duration: 0ms -->
          <step title="Cpu: node(4336,21.406s)+node(5828,0.359s)+cmd(5860,0.031s)+node(9892,2.938s)+cmd(12808,0.047s)+node(11428,7.594s)+node(10652,0.391s)+cmd(11952,0.047s)+node(12596,2.359s)+cmd(4920,0.078s)+node(8744,2.672s)+cmd(3532,0.063s)+node(13456,5.406s)+cmd(13520,0.047s)+node(10960,2.406s)+cmd(2540,0.063s)+node(9492,2.797s)+cmd(13204,0.047s)+node(11812,3.125s)+cmd(4612,0.031s)+node(10260,2.938s)+cmd(5348,0.078s)+node(6988,1.016s)+cmd(4436,0.063s)+node(11600,2.297s)+cmd(7644,0.109s)=total(58.406s)" date="2017-04-26T00:07:56.089" /><!-- duration: 0ms -->
          <step title="starter.cmd: no io activity for 60s, prev-cpu=-1.000s, current-cpu=58.406s" date="2017-04-26T00:07:56.089" /><!-- duration: 0ms -->
          <step title="Cpu: node(4336,21.766s)+node(5828,0.359s)+cmd(5860,0.031s)+node(9892,2.938s)+cmd(12808,0.047s)+node(11428,7.734s)+node(10652,0.391s)+cmd(11952,0.047s)+node(12596,2.359s)+cmd(4920,0.078s)+node(8744,2.672s)+cmd(3532,0.063s)+node(13456,5.406s)+cmd(13520,0.047s)+node(10960,2.406s)+cmd(2540,0.063s)+node(9492,2.797s)+cmd(13204,0.047s)+node(11812,3.125s)+cmd(4612,0.031s)+node(10260,2.938s)+cmd(5348,0.078s)+node(6988,1.016s)+cmd(4436,0.063s)+node(11600,2.297s)+cmd(7644,0.109s)=total(58.906s)" date="2017-04-26T00:08:56.737" /><!-- duration: 16ms -->
          <step title="starter.cmd: no io activity for 121s, prev-cpu=58.406s, current-cpu=58.906s" date="2017-04-26T00:08:56.753" /><!-- duration: 0ms -->
          <step title="Cpu: node(4336,21.891s)+node(5828,0.359s)+cmd(5860,0.031s)+node(9892,2.938s)+cmd(12808,0.047s)+node(11428,7.734s)+node(10652,0.391s)+cmd(11952,0.047s)+node(12596,2.359s)+cmd(4920,0.078s)+node(8744,2.672s)+cmd(3532,0.063s)+node(13456,5.406s)+cmd(13520,0.047s)+node(10960,2.406s)+cmd(2540,0.063s)+node(9492,2.797s)+cmd(13204,0.047s)+node(11812,3.125s)+cmd(4612,0.031s)+node(10260,2.938s)+cmd(5348,0.078s)+node(6988,1.016s)+cmd(4436,0.063s)+node(11600,2.297s)+cmd(7644,0.109s)=total(59.031s)" date="2017-04-26T00:09:57.359" /><!-- duration: 0ms -->
          <step title="starter.cmd: no io activity for 181s, prev-cpu=58.906s, current-cpu=59.031s" date="2017-04-26T00:09:57.375" /><!-- duration: 0ms -->
          <step title="Cpu: node(4336,21.891s)+node(5828,0.359s)+cmd(5860,0.031s)+node(9892,2.938s)+cmd(12808,0.047s)+node(11428,7.859s)+node(10652,0.391s)+cmd(11952,0.047s)+node(12596,2.359s)+cmd(4920,0.078s)+node(8744,2.672s)+cmd(3532,0.063s)+node(13456,5.406s)+cmd(13520,0.047s)+node(10960,2.406s)+cmd(2540,0.063s)+node(9492,2.797s)+cmd(13204,0.047s)+node(11812,3.125s)+cmd(4612,0.031s)+node(10260,2.938s)+cmd(5348,0.078s)+node(6988,1.016s)+cmd(4436,0.063s)+node(11600,2.297s)+cmd(7644,0.109s)=total(59.156s)" date="2017-04-26T00:10:58.032" /><!-- duration: 0ms -->
          <step title="starter.cmd: no io activity for 242s, prev-cpu=59.031s, current-cpu=59.156s" date="2017-04-26T00:10:58.032" /><!-- duration: 16ms -->
          <step title="Cpu: node(4336,21.891s)+node(5828,0.359s)+cmd(5860,0.031s)+node(9892,2.938s)+cmd(12808,0.047s)+node(11428,7.859s)+node(10652,0.391s)+cmd(11952,0.047s)+node(12596,2.359s)+cmd(4920,0.078s)+node(8744,2.672s)+cmd(3532,0.063s)+node(13456,5.406s)+cmd(13520,0.047s)+node(10960,2.406s)+cmd(2540,0.063s)+node(9492,2.797s)+cmd(13204,0.047s)+node(11812,3.125s)+cmd(4612,0.031s)+node(10260,2.938s)+cmd(5348,0.078s)+node(6988,1.016s)+cmd(4436,0.063s)+node(11600,2.297s)+cmd(7644,0.109s)=total(59.156s)" date="2017-04-26T00:11:58.658" /><!-- duration: 0ms -->
          <step title="starter.cmd: no io activity for 303s, prev-cpu=59.156s, current-cpu=59.156s" date="2017-04-26T00:11:58.658" /><!-- duration: 16ms -->
          <step title="Abort Process &apos;node(4336)&apos;." date="2017-04-26T00:11:58.736" /><!-- duration: 0ms -->
          <step title="Abort Process &apos;node(5828)&apos;." date="2017-04-26T00:11:58.752" /><!-- duration: 0ms -->
          <step title="Abort Process &apos;cmd(5860)&apos;." date="2017-04-26T00:11:58.752" /><!-- duration: 18ms -->
          <step title="Abort Process &apos;node(9892)&apos;." date="2017-04-26T00:11:58.770" /><!-- duration: 13ms -->
          <step title="Abort Process &apos;cmd(12808)&apos;." date="2017-04-26T00:11:58.783" /><!-- duration: 0ms -->
          <step title="Abort Process &apos;node(11428)&apos;." date="2017-04-26T00:11:58.799" /><!-- duration: 0ms -->
          <step title="Abort Process &apos;node(10652)&apos;." date="2017-04-26T00:11:58.814" /><!-- duration: 0ms -->
          <step title="Abort Process &apos;cmd(11952)&apos;." date="2017-04-26T00:11:58.835" /><!-- duration: 11ms -->
          <step title="Abort Process &apos;node(12596)&apos;." date="2017-04-26T00:11:58.865" /><!-- duration: 0ms -->
          <step title="Abort Process &apos;node(8744)&apos;." date="2017-04-26T00:11:58.908" /><!-- duration: 0ms -->
          <step title="Abort Process &apos;node(13456)&apos;." date="2017-04-26T00:11:58.924" /><!-- duration: 16ms -->
          <step title="Abort Process &apos;cmd(13520)&apos;." date="2017-04-26T00:11:58.939" /><!-- duration: 0ms -->
          <step title="Abort Process &apos;node(10960)&apos;." date="2017-04-26T00:11:58.958" /><!-- duration: 13ms -->
          <step title="Abort Process &apos;node(9492)&apos;." date="2017-04-26T00:11:58.988" /><!-- duration: 0ms -->
          <step title="Abort Process &apos;node(11812)&apos;." date="2017-04-26T00:11:59.052" /><!-- duration: 12ms -->
          <step title="Abort Process &apos;cmd(4612)&apos;." date="2017-04-26T00:11:59.096" /><!-- duration: 0ms -->
          <step title="Abort Process &apos;node(10260)&apos;." date="2017-04-26T00:11:59.127" /><!-- duration: 0ms -->
          <step title="Abort Process &apos;node(11600)&apos;." date="2017-04-26T00:11:59.189" /><!-- duration: 0ms -->
          <step title="Abort Process &apos;cmd(7644)&apos;." date="2017-04-26T00:11:59.189" /><!-- duration: 16ms -->
        </step><!-- duration: 575883ms -->
        <step title="Error occurred" date="2017-04-26T00:11:59.221" type="error" text="One or more errors occurred." stackTrace="   at System.Threading.Tasks.Task.ThrowIfExceptional(Boolean includeTaskCanceledExceptions)
   at System.Threading.Tasks.Task`1.GetResultCore(Boolean waitCompletionNotification)
   at System.Threading.Tasks.Task`1.get_Result()
   at Kudu.Core.Infrastructure.Executable.ExecuteInternal(ITracer tracer, Func`2 onWriteOutput, Func`2 onWriteError, Encoding encoding, String arguments, Object[] args)
   at Kudu.Core.Infrastructure.Executable.ExecuteWithProgressWriter(ILogger logger, ITracer tracer, String arguments, Object[] args)
   at Kudu.Core.Deployment.Generator.ExternalCommandBuilder.RunCommand(DeploymentContext context, String command, String message)" innerText="Command &apos;starter.cmd deploy.cmd&apos; was aborted due to no output nor CPU activity for 60 seconds. You can increase the SCM_COMMAND_IDLE_TIMEOUT app setting (or WEBJOBS_IDLE_TIMEOUT if this is a WebJob) if needed.
starter.cmd deploy.cmd" innerStackTrace="   at Kudu.Core.Infrastructure.IdleManager.WaitForExit(IProcess process)
   at Kudu.Core.Infrastructure.ProcessExtensions.&lt;Start&gt;d__12.MoveNext()
--- End of stack trace from previous location where exception was thrown ---
   at System.Runtime.CompilerServices.TaskAwaiter.ThrowForNonSuccess(Task task)
   at System.Runtime.CompilerServices.TaskAwaiter.HandleNonSuccessAndDebuggerNotification(Task task)
   at Kudu.Core.Infrastructure.Executable.&lt;ExecuteAsync&gt;d__31.MoveNext()" /><!-- duration: 16ms -->
      </step><!-- duration: 576058ms -->
      <step title="Error occurred" date="2017-04-26T00:11:59.300" type="error" text="One or more errors occurred." stackTrace="   at System.Threading.Tasks.Task.ThrowIfExceptional(Boolean includeTaskCanceledExceptions)
   at System.Threading.Tasks.Task`1.GetResultCore(Boolean waitCompletionNotification)
   at System.Threading.Tasks.Task`1.get_Result()
   at Kudu.Core.Infrastructure.Executable.ExecuteInternal(ITracer tracer, Func`2 onWriteOutput, Func`2 onWriteError, Encoding encoding, String arguments, Object[] args)
   at Kudu.Core.Infrastructure.Executable.ExecuteWithProgressWriter(ILogger logger, ITracer tracer, String arguments, Object[] args)
   at Kudu.Core.Deployment.Generator.ExternalCommandBuilder.RunCommand(DeploymentContext context, String command, String message)
   at Kudu.Core.Deployment.Generator.CustomBuilder.Build(DeploymentContext context)
--- End of stack trace from previous location where exception was thrown ---
   at System.Runtime.CompilerServices.TaskAwaiter.ThrowForNonSuccess(Task task)
   at System.Runtime.CompilerServices.TaskAwaiter.HandleNonSuccessAndDebuggerNotification(Task task)
   at System.Runtime.CompilerServices.TaskAwaiter.ValidateEnd(Task task)
   at Kudu.Core.Deployment.DeploymentManager.&lt;Build&gt;d__35.MoveNext()" innerText="Command &apos;starter.cmd deploy.cmd&apos; was aborted due to no output nor CPU activity for 60 seconds. You can increase the SCM_COMMAND_IDLE_TIMEOUT app setting (or WEBJOBS_IDLE_TIMEOUT if this is a WebJob) if needed.
starter.cmd deploy.cmd" innerStackTrace="   at Kudu.Core.Infrastructure.IdleManager.WaitForExit(IProcess process)
   at Kudu.Core.Infrastructure.ProcessExtensions.&lt;Start&gt;d__12.MoveNext()
--- End of stack trace from previous location where exception was thrown ---
   at System.Runtime.CompilerServices.TaskAwaiter.ThrowForNonSuccess(Task task)
   at System.Runtime.CompilerServices.TaskAwaiter.HandleNonSuccessAndDebuggerNotification(Task task)
   at Kudu.Core.Infrastructure.Executable.&lt;ExecuteAsync&gt;d__31.MoveNext()" /><!-- duration: 0ms -->
    </step><!-- duration: 576248ms -->
    <step title="Cleaning up temp files" date="2017-04-26T00:11:59.300" /><!-- duration: 0ms -->
    <step title="WebHooksManager.PublishEventAsync: PostDeployment" date="2017-04-26T00:11:59.315" /><!-- duration: 0ms -->
  </step><!-- duration: 577019ms -->
</step><!-- duration: 577019ms -->
