<step title="BackgroundTrace" date="2017-04-28T17:38:25.993" instance="b6c882" url="/deploy" method="POST" >
  <step title="Creating temporary deployment" date="2017-04-28T17:38:26.024" /><!-- duration: 16ms -->
  <step title="Performing fetch based deployment" date="2017-04-28T17:38:26.040" >
    <step title="LibGit2SharpRepository Initialize" date="2017-04-28T17:38:26.102" >
      <step title="Configure git server" date="2017-04-28T17:38:26.385" /><!-- duration: 19ms -->
      <step title="Create deny users for .git folder" date="2017-04-28T17:38:26.404" /><!-- duration: 0ms -->
      <step title="Configure git-credential" date="2017-04-28T17:38:26.404" /><!-- duration: 16ms -->
      <step title="Setup post receive hook" date="2017-04-28T17:38:26.420" /><!-- duration: 16ms -->
    </step><!-- duration: 333ms -->
    <step title="LibGit2SharpRepository Add Remote" date="2017-04-28T17:38:26.435" >
      <step title="Git remote added" date="2017-04-28T17:38:26.466" /><!-- duration: 0ms -->
    </step><!-- duration: 31ms -->
    <step title="LibGit2SharpRepository Fetch" date="2017-04-28T17:38:26.482" /><!-- duration: 645ms -->
    <step title="LibGit2SharpRepository Update" date="2017-04-28T17:38:27.127" /><!-- duration: 844ms -->
    <step title="DeploymentManager.Deploy(id:78b505a42662fdce471ca629e3c4857bab2d6b26)" date="2017-04-28T17:38:27.988" >
      <step title="Collecting changeset information" date="2017-04-28T17:38:28.002" /><!-- duration: 16ms -->
      <step title="Updating submodules" date="2017-04-28T17:38:28.018" /><!-- duration: 16ms -->
      <step title="Determining deployment builder" date="2017-04-28T17:38:28.081" >
        <step title="Builder is CustomBuilder" date="2017-04-28T17:38:28.081" /><!-- duration: 16ms -->
      </step><!-- duration: 16ms -->
      <step title="Copying SSH keys" date="2017-04-28T17:38:28.096" /><!-- duration: 16ms -->
      <step title="Building" date="2017-04-28T17:38:28.112" >
        <step title="Executing external process" date="2017-04-28T17:38:28.175" type="process" path="starter.cmd" arguments="deploy.cmd" >
          <step title="Cpu: node(2324,5.953s)+node(6948,0.359s)+cmd(11660,0.031s)+node(11016,2.219s)+cmd(13940,0.078s)=total(8.641s)" date="2017-04-28T17:44:06.517" /><!-- duration: 16ms -->
          <step title="starter.cmd: no io activity for 61s, prev-cpu=-1.000s, current-cpu=8.641s" date="2017-04-28T17:44:06.533" /><!-- duration: 0ms -->
          <step title="Cpu: node(2324,6.016s)+node(6948,0.359s)+cmd(11660,0.031s)+node(11016,2.219s)+cmd(13940,0.078s)=total(8.703s)" date="2017-04-28T17:45:07.043" /><!-- duration: 16ms -->
          <step title="starter.cmd: no io activity for 121s, prev-cpu=8.641s, current-cpu=8.703s" date="2017-04-28T17:45:07.059" /><!-- duration: 0ms -->
          <step title="Cpu: node(2324,6.016s)+node(6948,0.359s)+cmd(11660,0.031s)+node(11016,2.219s)+cmd(13940,0.078s)=total(8.703s)" date="2017-04-28T17:46:07.557" /><!-- duration: 21ms -->
          <step title="starter.cmd: no io activity for 182s, prev-cpu=8.703s, current-cpu=8.703s" date="2017-04-28T17:46:07.579" /><!-- duration: 0ms -->
          <step title="Abort Process &apos;node(2324)&apos;." date="2017-04-28T17:46:07.605" /><!-- duration: 0ms -->
          <step title="Abort Process &apos;node(11016)&apos;." date="2017-04-28T17:46:07.636" /><!-- duration: 0ms -->
          <step title="Abort Process &apos;cmd(13940)&apos;." date="2017-04-28T17:46:07.636" /><!-- duration: 0ms -->
        </step><!-- duration: 459461ms -->
        <step title="Error occurred" date="2017-04-28T17:46:07.652" type="error" text="One or more errors occurred." stackTrace="   at System.Threading.Tasks.Task.ThrowIfExceptional(Boolean includeTaskCanceledExceptions)
   at System.Threading.Tasks.Task`1.GetResultCore(Boolean waitCompletionNotification)
   at System.Threading.Tasks.Task`1.get_Result()
   at Kudu.Core.Infrastructure.Executable.ExecuteInternal(ITracer tracer, Func`2 onWriteOutput, Func`2 onWriteError, Encoding encoding, String arguments, Object[] args)
   at Kudu.Core.Infrastructure.Executable.ExecuteWithProgressWriter(ILogger logger, ITracer tracer, String arguments, Object[] args)
   at Kudu.Core.Deployment.Generator.ExternalCommandBuilder.RunCommand(DeploymentContext context, String command, String message)" innerText="Command &apos;starter.cmd deploy.cmd&apos; was aborted due to no output nor CPU activity for 60 seconds. You can increase the SCM_COMMAND_IDLE_TIMEOUT app setting (or WEBJOBS_IDLE_TIMEOUT if this is a WebJob) if needed.
starter.cmd deploy.cmd" innerStackTrace="   at Kudu.Core.Infrastructure.IdleManager.WaitForExit(IProcess process)
   at Kudu.Core.Infrastructure.ProcessExtensions.&lt;Start&gt;d__12.MoveNext()
--- End of stack trace from previous location where exception was thrown ---
   at System.Runtime.CompilerServices.TaskAwaiter.ThrowForNonSuccess(Task task)
   at System.Runtime.CompilerServices.TaskAwaiter.HandleNonSuccessAndDebuggerNotification(Task task)
   at Kudu.Core.Infrastructure.Executable.&lt;ExecuteAsync&gt;d__31.MoveNext()" /><!-- duration: 0ms -->
      </step><!-- duration: 459586ms -->
      <step title="Error occurred" date="2017-04-28T17:46:07.699" type="error" text="One or more errors occurred." stackTrace="   at System.Threading.Tasks.Task.ThrowIfExceptional(Boolean includeTaskCanceledExceptions)
   at System.Threading.Tasks.Task`1.GetResultCore(Boolean waitCompletionNotification)
   at System.Threading.Tasks.Task`1.get_Result()
   at Kudu.Core.Infrastructure.Executable.ExecuteInternal(ITracer tracer, Func`2 onWriteOutput, Func`2 onWriteError, Encoding encoding, String arguments, Object[] args)
   at Kudu.Core.Infrastructure.Executable.ExecuteWithProgressWriter(ILogger logger, ITracer tracer, String arguments, Object[] args)
   at Kudu.Core.Deployment.Generator.ExternalCommandBuilder.RunCommand(DeploymentContext context, String command, String message)
   at Kudu.Core.Deployment.Generator.CustomBuilder.Build(DeploymentContext context)
--- End of stack trace from previous location where exception was thrown ---
   at System.Runtime.CompilerServices.TaskAwaiter.ThrowForNonSuccess(Task task)
   at System.Runtime.CompilerServices.TaskAwaiter.HandleNonSuccessAndDebuggerNotification(Task task)
   at System.Runtime.CompilerServices.TaskAwaiter.ValidateEnd(Task task)
   at Kudu.Core.Deployment.DeploymentManager.&lt;Build&gt;d__35.MoveNext()" innerText="Command &apos;starter.cmd deploy.cmd&apos; was aborted due to no output nor CPU activity for 60 seconds. You can increase the SCM_COMMAND_IDLE_TIMEOUT app setting (or WEBJOBS_IDLE_TIMEOUT if this is a WebJob) if needed.
starter.cmd deploy.cmd" innerStackTrace="   at Kudu.Core.Infrastructure.IdleManager.WaitForExit(IProcess process)
   at Kudu.Core.Infrastructure.ProcessExtensions.&lt;Start&gt;d__12.MoveNext()
--- End of stack trace from previous location where exception was thrown ---
   at System.Runtime.CompilerServices.TaskAwaiter.ThrowForNonSuccess(Task task)
   at System.Runtime.CompilerServices.TaskAwaiter.HandleNonSuccessAndDebuggerNotification(Task task)
   at Kudu.Core.Infrastructure.Executable.&lt;ExecuteAsync&gt;d__31.MoveNext()" /><!-- duration: 0ms -->
    </step><!-- duration: 459711ms -->
    <step title="Cleaning up temp files" date="2017-04-28T17:46:07.714" /><!-- duration: 0ms -->
    <step title="WebHooksManager.PublishEventAsync: PostDeployment" date="2017-04-28T17:46:07.714" /><!-- duration: 47ms -->
  </step><!-- duration: 461721ms -->
</step><!-- duration: 461784ms -->
