<step title="BackgroundTrace" date="2017-04-26T01:16:31.286" instance="b6c882" url="/deploy" method="POST" >
  <step title="Performing fetch based deployment" date="2017-04-26T01:16:31.286" >
    <step title="Creating temporary deployment" date="2017-04-26T01:16:31.286" /><!-- duration: 20ms -->
    <step title="LibGit2SharpRepository Add Remote" date="2017-04-26T01:16:31.348" >
      <step title="Git remote exists" date="2017-04-26T01:16:31.348" /><!-- duration: 0ms -->
    </step><!-- duration: 16ms -->
    <step title="LibGit2SharpRepository Fetch" date="2017-04-26T01:16:31.364" /><!-- duration: 624ms -->
    <step title="LibGit2SharpRepository Update" date="2017-04-26T01:16:31.988" /><!-- duration: 189ms -->
    <step title="DeploymentManager.Deploy(id:c671042df1f4662680f4cb7148e89e89aad554a3)" date="2017-04-26T01:16:32.208" >
      <step title="Collecting changeset information" date="2017-04-26T01:16:32.208" /><!-- duration: 31ms -->
      <step title="Updating submodules" date="2017-04-26T01:16:32.240" /><!-- duration: 33ms -->
      <step title="Determining deployment builder" date="2017-04-26T01:16:32.319" >
        <step title="Builder is CustomBuilder" date="2017-04-26T01:16:32.319" /><!-- duration: 0ms -->
      </step><!-- duration: 0ms -->
      <step title="Copying SSH keys" date="2017-04-26T01:16:32.335" /><!-- duration: 0ms -->
      <step title="Building" date="2017-04-26T01:16:32.350" >
        <step title="Executing external process" date="2017-04-26T01:16:32.413" type="process" path="starter.cmd" arguments="deploy.cmd" >
          <step title="Process dump" date="2017-04-26T01:16:32.529" exitCode="4" type="processOutput" /><!-- duration: 0ms -->
        </step><!-- duration: 116ms -->
        <step title="Error occurred" date="2017-04-26T01:16:32.529" type="error" text="File not found - dist
D:\Program Files (x86)\SiteExtensions\Kudu\62.60413.2788\bin\Scripts\starter.cmd deploy.cmd" stackTrace="   at Kudu.Core.Infrastructure.Executable.ExecuteInternal(ITracer tracer, Func`2 onWriteOutput, Func`2 onWriteError, Encoding encoding, String arguments, Object[] args)
   at Kudu.Core.Infrastructure.Executable.ExecuteWithProgressWriter(ILogger logger, ITracer tracer, String arguments, Object[] args)
   at Kudu.Core.Deployment.Generator.ExternalCommandBuilder.RunCommand(DeploymentContext context, String command, String message)" /><!-- duration: 16ms -->
      </step><!-- duration: 288ms -->
      <step title="Error occurred" date="2017-04-26T01:16:32.638" type="error" text="File not found - dist
D:\Program Files (x86)\SiteExtensions\Kudu\62.60413.2788\bin\Scripts\starter.cmd deploy.cmd" stackTrace="   at Kudu.Core.Infrastructure.Executable.ExecuteInternal(ITracer tracer, Func`2 onWriteOutput, Func`2 onWriteError, Encoding encoding, String arguments, Object[] args)
   at Kudu.Core.Infrastructure.Executable.ExecuteWithProgressWriter(ILogger logger, ITracer tracer, String arguments, Object[] args)
   at Kudu.Core.Deployment.Generator.ExternalCommandBuilder.RunCommand(DeploymentContext context, String command, String message)
   at Kudu.Core.Deployment.Generator.CustomBuilder.Build(DeploymentContext context)
--- End of stack trace from previous location where exception was thrown ---
   at System.Runtime.CompilerServices.TaskAwaiter.ThrowForNonSuccess(Task task)
   at System.Runtime.CompilerServices.TaskAwaiter.HandleNonSuccessAndDebuggerNotification(Task task)
   at System.Runtime.CompilerServices.TaskAwaiter.ValidateEnd(Task task)
   at Kudu.Core.Deployment.DeploymentManager.&lt;Build&gt;d__35.MoveNext()" /><!-- duration: 0ms -->
    </step><!-- duration: 430ms -->
    <step title="Cleaning up temp files" date="2017-04-26T01:16:32.638" /><!-- duration: 0ms -->
    <step title="WebHooksManager.PublishEventAsync: PostDeployment" date="2017-04-26T01:16:32.654" /><!-- duration: 16ms -->
  </step><!-- duration: 1415ms -->
</step><!-- duration: 1415ms -->
