<step title="Incoming Request" date="2017-04-29T04:03:48.823" instance="a544f2" url="/command" method="POST" type="request" pid="6752,2,31" Connection="Keep-Alive" Content-Length="78" Content-Type="application/json" Authorization="Bas..." Host="codercamps-mic.scm.azurewebsites.net" X-WAWS-Unencoded-URL="/command" X-ARR-LOG-ID="e5501ddc-9a59-40ef-b984-f3c9cbdf64c6" X-SITE-DEPLOYMENT-ID="codercamps-mic" WAS-DEFAULT-HOSTNAME="codercamps-mic.scm.azurewebsites.net" X-MS-CLIENT-PRINCIPAL-NAME="$co..." >
  <step title="Cleanup Xml Logs" date="2017-04-29T04:03:48.823" /><!-- duration: 0ms -->
  <step title="Executing npm start &amp; echo. &amp; cd" date="2017-04-29T04:03:48.839" CWD="D:\home\site\wwwroot" >
    <step title="Cpu: node(7212,6.438s)+node(4768,0.359s)+cmd(6228,0.047s)+node(7060,2.375s)+cmd(7084,0.078s)+node(4752,2.719s)+cmd(5484,0.063s)+node(7120,19.938s)+node(3556,0.328s)+cmd(7028,0.063s)+node(5436,2.641s)+cmd(5984,0.063s)+node(7200,2.078s)+cmd(7180,0.063s)+node(6460,2.297s)+cmd(6992,0.063s)+node(6004,2.641s)+cmd(4192,0.063s)+node(4328,2.938s)+cmd(6196,0.031s)+node(4676,2.625s)+cmd(6324,0.078s)+node(2208,1.000s)+cmd(4264,0.047s)+node(7144,2.188s)+cmd(6660,0.047s)=total(51.266s)" date="2017-04-29T04:06:00.137" /><!-- duration: 0ms -->
    <step title="starter.cmd: no io activity for 61s, prev-cpu=-1.000s, current-cpu=51.266s" date="2017-04-29T04:06:00.137" /><!-- duration: 0ms -->
    <step title="Cpu: node(7212,6.438s)+node(4768,0.359s)+cmd(6228,0.047s)+node(7060,2.375s)+cmd(7084,0.078s)+node(4752,2.719s)+cmd(5484,0.063s)+node(7120,20.281s)+node(3556,0.328s)+cmd(7028,0.063s)+node(5436,2.641s)+cmd(5984,0.063s)+node(7200,2.078s)+cmd(7180,0.063s)+node(6460,2.297s)+cmd(6992,0.063s)+node(6004,2.641s)+cmd(4192,0.063s)+node(4328,2.938s)+cmd(6196,0.031s)+node(4676,2.625s)+cmd(6324,0.078s)+node(2208,1.000s)+cmd(4264,0.047s)+node(7144,2.188s)+cmd(6660,0.047s)=total(51.609s)" date="2017-04-29T04:07:00.682" /><!-- duration: 0ms -->
    <step title="starter.cmd: no io activity for 121s, prev-cpu=51.266s, current-cpu=51.609s" date="2017-04-29T04:07:00.682" /><!-- duration: 0ms -->
    <step title="Cpu: node(7212,6.438s)+node(4768,0.359s)+cmd(6228,0.047s)+node(7060,2.375s)+cmd(7084,0.078s)+node(4752,2.719s)+cmd(5484,0.063s)+node(7120,20.531s)+node(3556,0.328s)+cmd(7028,0.063s)+node(5436,2.641s)+cmd(5984,0.063s)+node(7200,2.078s)+cmd(7180,0.063s)+node(6460,2.297s)+cmd(6992,0.063s)+node(6004,2.641s)+cmd(4192,0.063s)+node(4328,2.938s)+cmd(6196,0.031s)+node(4676,2.625s)+cmd(6324,0.078s)+node(2208,1.000s)+cmd(4264,0.047s)+node(7144,2.188s)+cmd(6660,0.047s)=total(51.859s)" date="2017-04-29T04:08:01.231" /><!-- duration: 0ms -->
    <step title="starter.cmd: no io activity for 182s, prev-cpu=51.609s, current-cpu=51.859s" date="2017-04-29T04:08:01.231" /><!-- duration: 0ms -->
    <step title="Cpu: node(7212,6.438s)+node(4768,0.359s)+cmd(6228,0.047s)+node(7060,2.375s)+cmd(7084,0.078s)+node(4752,2.719s)+cmd(5484,0.063s)+node(7120,20.531s)+node(3556,0.328s)+cmd(7028,0.063s)+node(5436,2.641s)+cmd(5984,0.063s)+node(7200,2.078s)+cmd(7180,0.063s)+node(6460,2.297s)+cmd(6992,0.063s)+node(6004,2.641s)+cmd(4192,0.063s)+node(4328,2.938s)+cmd(6196,0.031s)+node(4676,2.625s)+cmd(6324,0.078s)+node(2208,1.000s)+cmd(4264,0.047s)+node(7144,2.188s)+cmd(6660,0.047s)=total(51.859s)" date="2017-04-29T04:09:01.691" /><!-- duration: 0ms -->
    <step title="starter.cmd: no io activity for 242s, prev-cpu=51.859s, current-cpu=51.859s" date="2017-04-29T04:09:01.691" /><!-- duration: 0ms -->
    <step title="Abort Process &apos;node(7212)&apos;." date="2017-04-29T04:09:01.738" /><!-- duration: 0ms -->
    <step title="Abort Process &apos;node(4768)&apos;." date="2017-04-29T04:09:01.738" /><!-- duration: 21ms -->
    <step title="Abort Process &apos;cmd(6228)&apos;." date="2017-04-29T04:09:01.758" /><!-- duration: 0ms -->
    <step title="Abort Process &apos;node(7060)&apos;." date="2017-04-29T04:09:01.769" /><!-- duration: 0ms -->
    <step title="Abort Process &apos;cmd(7084)&apos;." date="2017-04-29T04:09:01.769" /><!-- duration: 16ms -->
    <step title="Abort Process &apos;node(4752)&apos;." date="2017-04-29T04:09:01.785" /><!-- duration: 16ms -->
    <step title="Abort Process &apos;cmd(5484)&apos;." date="2017-04-29T04:09:01.800" /><!-- duration: 0ms -->
    <step title="Abort Process &apos;node(7120)&apos;." date="2017-04-29T04:09:01.816" /><!-- duration: 0ms -->
    <step title="Abort Process &apos;node(3556)&apos;." date="2017-04-29T04:09:01.816" /><!-- duration: 0ms -->
    <step title="Abort Process &apos;cmd(7028)&apos;." date="2017-04-29T04:09:01.832" /><!-- duration: 0ms -->
    <step title="Abort Process &apos;node(5436)&apos;." date="2017-04-29T04:09:01.832" /><!-- duration: 20ms -->
    <step title="Abort Process &apos;cmd(5984)&apos;." date="2017-04-29T04:09:01.852" /><!-- duration: 0ms -->
    <step title="Abort Process &apos;node(7200)&apos;." date="2017-04-29T04:09:01.863" /><!-- duration: 0ms -->
    <step title="Abort Process &apos;cmd(7180)&apos;." date="2017-04-29T04:09:01.879" /><!-- duration: 0ms -->
    <step title="Abort Process &apos;node(6460)&apos;." date="2017-04-29T04:09:01.895" /><!-- duration: 0ms -->
    <step title="Abort Process &apos;node(6004)&apos;." date="2017-04-29T04:09:01.957" /><!-- duration: 20ms -->
    <step title="Abort Process &apos;node(4328)&apos;." date="2017-04-29T04:09:01.988" /><!-- duration: 0ms -->
    <step title="Abort Process &apos;cmd(6196)&apos;." date="2017-04-29T04:09:02.003" /><!-- duration: 0ms -->
    <step title="Abort Process &apos;node(4676)&apos;." date="2017-04-29T04:09:02.052" /><!-- duration: 0ms -->
    <step title="Abort Process &apos;node(2208)&apos;." date="2017-04-29T04:09:02.070" /><!-- duration: 12ms -->
    <step title="Abort Process &apos;cmd(4264)&apos;." date="2017-04-29T04:09:02.082" /><!-- duration: 0ms -->
    <step title="Abort Process &apos;node(7144)&apos;." date="2017-04-29T04:09:02.097" /><!-- duration: 0ms -->
    <step title="Abort Process &apos;cmd(6660)&apos;." date="2017-04-29T04:09:02.097" /><!-- duration: 0ms -->
    <step title="Error occurred" date="2017-04-29T04:09:02.097" type="error" text="Command &apos;starter.cmd npm start &amp; ech ...&apos; was aborted due to no output nor CPU activity for 60 seconds. You can increase the SCM_COMMAND_IDLE_TIMEOUT app setting (or WEBJOBS_IDLE_TIMEOUT if this is a WebJob) if needed.
starter.cmd npm start &amp; echo. &amp; cd" stackTrace="   at Kudu.Core.Infrastructure.IdleManager.WaitForExit(IProcess process)
   at Kudu.Core.Commands.CommandExecutor.ExecuteCommand(String command, String workingDirectory)
   at Kudu.Services.Commands.CommandController.ExecuteCommand(JObject input)" /><!-- duration: 0ms -->
  </step><!-- duration: 313274ms -->
  <step title="Outgoing response" date="2017-04-29T04:09:02.113" type="response" statusCode="200" statusText="OK" Server="Microsoft-IIS/8.0" x-ms-request-id="e5501ddc-9a59-40ef-b984-f3c9cbdf64c6" Cache-Control="private" X-AspNet-Version="4.0.30319" Content-Type="application/json; charset=utf-8" /><!-- duration: 0ms -->
</step><!-- duration: 313290ms -->
