<step title="BackgroundTrace" date="2017-04-26T05:21:47.310" instance="b6c882" url="/deploy" method="POST" >
  <step title="Performing fetch based deployment" date="2017-04-26T05:21:47.326" >
    <step title="Creating temporary deployment" date="2017-04-26T05:21:47.357" /><!-- duration: 31ms -->
    <step title="LibGit2SharpRepository Add Remote" date="2017-04-26T05:21:47.483" >
      <step title="Git remote exists" date="2017-04-26T05:21:47.483" /><!-- duration: 15ms -->
    </step><!-- duration: 15ms -->
    <step title="LibGit2SharpRepository Fetch" date="2017-04-26T05:21:47.498" /><!-- duration: 501ms -->
    <step title="LibGit2SharpRepository Update" date="2017-04-26T05:21:47.999" /><!-- duration: 188ms -->
    <step title="DeploymentManager.Deploy(id:78b505a42662fdce471ca629e3c4857bab2d6b26)" date="2017-04-26T05:21:48.224" >
      <step title="Collecting changeset information" date="2017-04-26T05:21:48.224" /><!-- duration: 16ms -->
      <step title="Updating submodules" date="2017-04-26T05:21:48.255" /><!-- duration: 16ms -->
      <step title="Determining deployment builder" date="2017-04-26T05:21:48.317" >
        <step title="Builder is CustomBuilder" date="2017-04-26T05:21:48.333" /><!-- duration: 0ms -->
      </step><!-- duration: 16ms -->
      <step title="Copying SSH keys" date="2017-04-26T05:21:48.348" /><!-- duration: 0ms -->
      <step title="Building" date="2017-04-26T05:21:48.348" >
        <step title="Executing external process" date="2017-04-26T05:21:48.411" type="process" path="starter.cmd" arguments="deploy.cmd" >
          <step title="Cpu: node(4884,6.375s)+node(8420,0.359s)+cmd(6020,0.047s)+node(13012,2.281s)+cmd(11468,0.125s)=total(9.188s)" date="2017-04-26T05:25:01.867" /><!-- duration: 0ms -->
          <step title="starter.cmd: no io activity for 60s, prev-cpu=-1.000s, current-cpu=9.188s" date="2017-04-26T05:25:01.867" /><!-- duration: 0ms -->
          <step title="Cpu: node(4884,6.375s)+node(8420,0.359s)+cmd(6020,0.047s)+node(13012,2.281s)+cmd(11468,0.125s)=total(9.188s)" date="2017-04-26T05:26:02.312" /><!-- duration: 0ms -->
          <step title="starter.cmd: no io activity for 121s, prev-cpu=9.188s, current-cpu=9.188s" date="2017-04-26T05:26:02.312" /><!-- duration: 0ms -->
          <step title="Abort Process &apos;node(4884)&apos;." date="2017-04-26T05:26:02.325" /><!-- duration: 16ms -->
          <step title="Abort Process &apos;node(8420)&apos;." date="2017-04-26T05:26:02.341" /><!-- duration: 18ms -->
          <step title="Abort Process &apos;node(13012)&apos;." date="2017-04-26T05:26:02.361" /><!-- duration: 0ms -->
          <step title="Abort Process &apos;cmd(11468)&apos;." date="2017-04-26T05:26:02.361" /><!-- duration: 0ms -->
        </step><!-- duration: 253950ms -->
        <step title="Error occurred" date="2017-04-26T05:26:02.376" type="error" text="One or more errors occurred." stackTrace="   at System.Threading.Tasks.Task.ThrowIfExceptional(Boolean includeTaskCanceledExceptions)
   at System.Threading.Tasks.Task`1.GetResultCore(Boolean waitCompletionNotification)
   at System.Threading.Tasks.Task`1.get_Result()
   at Kudu.Core.Infrastructure.Executable.ExecuteInternal(ITracer tracer, Func`2 onWriteOutput, Func`2 onWriteError, Encoding encoding, String arguments, Object[] args)
   at Kudu.Core.Infrastructure.Executable.ExecuteWithProgressWriter(ILogger logger, ITracer tracer, String arguments, Object[] args)
   at Kudu.Core.Deployment.Generator.ExternalCommandBuilder.RunCommand(DeploymentContext context, String command, String message)" innerText="Command &apos;starter.cmd deploy.cmd&apos; was aborted due to no output nor CPU activity for 60 seconds. You can increase the SCM_COMMAND_IDLE_TIMEOUT app setting (or WEBJOBS_IDLE_TIMEOUT if this is a WebJob) if needed.
starter.cmd deploy.cmd" innerStackTrace="   at Kudu.Core.Infrastructure.IdleManager.WaitForExit(IProcess process)
   at Kudu.Core.Infrastructure.ProcessExtensions.&lt;Start&gt;d__12.MoveNext()
--- End of stack trace from previous location where exception was thrown ---
   at System.Runtime.CompilerServices.TaskAwaiter.ThrowForNonSuccess(Task task)
   at System.Runtime.CompilerServices.TaskAwaiter.HandleNonSuccessAndDebuggerNotification(Task task)
   at Kudu.Core.Infrastructure.Executable.&lt;ExecuteAsync&gt;d__31.MoveNext()" /><!-- duration: 0ms -->
      </step><!-- duration: 254153ms -->
      <step title="Error occurred" date="2017-04-26T05:26:02.501" type="error" text="One or more errors occurred." stackTrace="   at System.Threading.Tasks.Task.ThrowIfExceptional(Boolean includeTaskCanceledExceptions)
   at System.Threading.Tasks.Task`1.GetResultCore(Boolean waitCompletionNotification)
   at System.Threading.Tasks.Task`1.get_Result()
   at Kudu.Core.Infrastructure.Executable.ExecuteInternal(ITracer tracer, Func`2 onWriteOutput, Func`2 onWriteError, Encoding encoding, String arguments, Object[] args)
   at Kudu.Core.Infrastructure.Executable.ExecuteWithProgressWriter(ILogger logger, ITracer tracer, String arguments, Object[] args)
   at Kudu.Core.Deployment.Generator.ExternalCommandBuilder.RunCommand(DeploymentContext context, String command, String message)
   at Kudu.Core.Deployment.Generator.CustomBuilder.Build(DeploymentContext context)
--- End of stack trace from previous location where exception was thrown ---
   at System.Runtime.CompilerServices.TaskAwaiter.ThrowForNonSuccess(Task task)
   at System.Runtime.CompilerServices.TaskAwaiter.HandleNonSuccessAndDebuggerNotification(Task task)
   at System.Runtime.CompilerServices.TaskAwaiter.ValidateEnd(Task task)
   at Kudu.Core.Deployment.DeploymentManager.&lt;Build&gt;d__35.MoveNext()" innerText="Command &apos;starter.cmd deploy.cmd&apos; was aborted due to no output nor CPU activity for 60 seconds. You can increase the SCM_COMMAND_IDLE_TIMEOUT app setting (or WEBJOBS_IDLE_TIMEOUT if this is a WebJob) if needed.
starter.cmd deploy.cmd" innerStackTrace="   at Kudu.Core.Infrastructure.IdleManager.WaitForExit(IProcess process)
   at Kudu.Core.Infrastructure.ProcessExtensions.&lt;Start&gt;d__12.MoveNext()
--- End of stack trace from previous location where exception was thrown ---
   at System.Runtime.CompilerServices.TaskAwaiter.ThrowForNonSuccess(Task task)
   at System.Runtime.CompilerServices.TaskAwaiter.HandleNonSuccessAndDebuggerNotification(Task task)
   at Kudu.Core.Infrastructure.Executable.&lt;ExecuteAsync&gt;d__31.MoveNext()" /><!-- duration: 0ms -->
    </step><!-- duration: 254278ms -->
    <step title="Cleaning up temp files" date="2017-04-26T05:26:02.501" /><!-- duration: 0ms -->
    <step title="WebHooksManager.PublishEventAsync: PostDeployment" date="2017-04-26T05:26:02.519" /><!-- duration: 16ms -->
  </step><!-- duration: 255224ms -->
</step><!-- duration: 255255ms -->
