<step title="BackgroundTrace" date="2017-04-25T22:52:47.923" instance="b6c882" url="/deploy" method="POST" >
  <step title="Performing fetch based deployment" date="2017-04-25T22:52:47.923" >
    <step title="Creating temporary deployment" date="2017-04-25T22:52:47.923" /><!-- duration: 16ms -->
    <step title="LibGit2SharpRepository Add Remote" date="2017-04-25T22:52:47.970" >
      <step title="Git remote added" date="2017-04-25T22:52:48.079" /><!-- duration: 0ms -->
    </step><!-- duration: 109ms -->
    <step title="LibGit2SharpRepository Fetch" date="2017-04-25T22:52:48.095" /><!-- duration: 424ms -->
    <step title="LibGit2SharpRepository Update" date="2017-04-25T22:52:48.518" /><!-- duration: 189ms -->
    <step title="DeploymentManager.Deploy(id:a76964794ff5bdf57b23e3b894f9bc0d999bf661)" date="2017-04-25T22:52:48.738" >
      <step title="Collecting changeset information" date="2017-04-25T22:52:48.738" /><!-- duration: 31ms -->
      <step title="Updating submodules" date="2017-04-25T22:52:48.769" /><!-- duration: 31ms -->
      <step title="Determining deployment builder" date="2017-04-25T22:52:48.848" >
        <step title="Builder is NodeSiteBuilder" date="2017-04-25T22:52:48.863" /><!-- duration: 0ms -->
      </step><!-- duration: 16ms -->
      <step title="Copying SSH keys" date="2017-04-25T22:52:48.879" /><!-- duration: 0ms -->
      <step title="Building" date="2017-04-25T22:52:48.879" >
        <step title="Generating deployment script" date="2017-04-25T22:52:48.910" >
          <step title="Using cached version of the deployment script for command: -y --no-dot-deployment -r &quot;D:\home\site\repository&quot; -o &quot;D:\home\site\deployments\tools&quot; --node --sitePath &quot;D:\home\site\repository&quot;" date="2017-04-25T22:52:48.926" /><!-- duration: 0ms -->
        </step><!-- duration: 16ms -->
        <step title="Executing external process" date="2017-04-25T22:52:48.957" type="process" path="starter.cmd" arguments="&quot;D:\home\site\deployments\tools\deploy.cmd&quot;" /><!-- duration: 4778ms -->
        <step title="Executing external process" date="2017-04-25T22:52:53.813" type="process" path="starter.cmd" arguments="PowerShell.exe -ExecutionPolicy RemoteSigned -File &quot;D:\Program Files (x86)\SiteExtensions\PERFORMANCETESTING\0.0.5-beta\PostDeploymentActions\Performance Test.ps1&quot;" /><!-- duration: 455711ms -->
        <step title="Functions are not enabled" date="2017-04-25T23:00:29.524" /><!-- duration: 0ms -->
      </step><!-- duration: 460755ms -->
    </step><!-- duration: 460896ms -->
    <step title="Cleaning up temp files" date="2017-04-25T23:00:29.634" /><!-- duration: 0ms -->
    <step title="WebHooksManager.PublishEventAsync: PostDeployment" date="2017-04-25T23:00:29.650" /><!-- duration: 16ms -->
  </step><!-- duration: 461758ms -->
</step><!-- duration: 461758ms -->
