<step title="BackgroundTrace" date="2017-04-29T03:34:27.360" instance="a544f2" url="/deploy" method="POST" >
  <step title="Performing fetch based deployment" date="2017-04-29T03:34:27.376" >
    <step title="Creating temporary deployment" date="2017-04-29T03:34:27.407" /><!-- duration: 94ms -->
    <step title="LibGit2SharpRepository Add Remote" date="2017-04-29T03:34:27.610" >
      <step title="Git remote exists" date="2017-04-29T03:34:27.626" /><!-- duration: 0ms -->
    </step><!-- duration: 16ms -->
    <step title="LibGit2SharpRepository Fetch" date="2017-04-29T03:34:27.641" /><!-- duration: 1076ms -->
    <step title="LibGit2SharpRepository Update" date="2017-04-29T03:34:28.717" /><!-- duration: 378ms -->
    <step title="DeploymentManager.Deploy(id:e477653e27cabadea0627826b1e3090bc408992e)" date="2017-04-29T03:34:29.126" >
      <step title="Collecting changeset information" date="2017-04-29T03:34:29.141" /><!-- duration: 84ms -->
      <step title="Updating submodules" date="2017-04-29T03:34:29.226" /><!-- duration: 156ms -->
      <step title="Determining deployment builder" date="2017-04-29T03:34:29.523" >
        <step title="Builder is NodeSiteBuilder" date="2017-04-29T03:34:29.538" /><!-- duration: 15ms -->
      </step><!-- duration: 31ms -->
      <step title="Copying SSH keys" date="2017-04-29T03:34:29.585" /><!-- duration: 0ms -->
      <step title="Building" date="2017-04-29T03:34:29.585" >
        <step title="Generating deployment script" date="2017-04-29T03:34:29.636" >
          <step title="Using cached version of the deployment script for command: -y --no-dot-deployment -r &quot;D:\home\site\repository&quot; -o &quot;D:\home\site\deployments\tools&quot; --node --sitePath &quot;D:\home\site\repository&quot;" date="2017-04-29T03:34:29.652" /><!-- duration: 0ms -->
        </step><!-- duration: 16ms -->
        <step title="Executing external process" date="2017-04-29T03:34:29.714" type="process" path="starter.cmd" arguments="&quot;D:\home\site\deployments\tools\deploy.cmd&quot;" /><!-- duration: 63527ms -->
        <step title="Functions are not enabled" date="2017-04-29T03:35:33.289" /><!-- duration: 0ms -->
      </step><!-- duration: 64101ms -->
    </step><!-- duration: 64560ms -->
    <step title="Cleaning up temp files" date="2017-04-29T03:35:33.686" /><!-- duration: 0ms -->
    <step title="WebHooksManager.PublishEventAsync: PostDeployment" date="2017-04-29T03:35:33.702" /><!-- duration: 33ms -->
  </step><!-- duration: 66388ms -->
</step><!-- duration: 66404ms -->
