<step title="BackgroundTrace" date="2017-04-29T06:31:05.277" instance="a544f2" url="/deploy" method="POST" >
  <step title="Performing fetch based deployment" date="2017-04-29T06:31:05.277" >
    <step title="Creating temporary deployment" date="2017-04-29T06:31:05.277" /><!-- duration: 16ms -->
    <step title="LibGit2SharpRepository Add Remote" date="2017-04-29T06:31:05.355" >
      <step title="Git remote exists" date="2017-04-29T06:31:05.355" /><!-- duration: 0ms -->
    </step><!-- duration: 0ms -->
    <step title="LibGit2SharpRepository Fetch" date="2017-04-29T06:31:05.355" /><!-- duration: 503ms -->
    <step title="LibGit2SharpRepository Update" date="2017-04-29T06:31:05.858" /><!-- duration: 253ms -->
    <step title="DeploymentManager.Deploy(id:c236cbe8b9e037cb93d7e921d2814b8c62365043)" date="2017-04-29T06:31:06.173" >
      <step title="Collecting changeset information" date="2017-04-29T06:31:06.173" /><!-- duration: 31ms -->
      <step title="Updating submodules" date="2017-04-29T06:31:06.204" /><!-- duration: 31ms -->
      <step title="Determining deployment builder" date="2017-04-29T06:31:06.299" >
        <step title="Builder is NodeSiteBuilder" date="2017-04-29T06:31:06.299" /><!-- duration: 16ms -->
      </step><!-- duration: 20ms -->
      <step title="Copying SSH keys" date="2017-04-29T06:31:06.334" /><!-- duration: 0ms -->
      <step title="Building" date="2017-04-29T06:31:06.334" >
        <step title="Generating deployment script" date="2017-04-29T06:31:06.366" >
          <step title="Using cached version of the deployment script for command: -y --no-dot-deployment -r &quot;D:\home\site\repository&quot; -o &quot;D:\home\site\deployments\tools&quot; --node --sitePath &quot;D:\home\site\repository&quot;" date="2017-04-29T06:31:06.381" /><!-- duration: 0ms -->
        </step><!-- duration: 16ms -->
        <step title="Executing external process" date="2017-04-29T06:31:06.476" type="process" path="starter.cmd" arguments="&quot;D:\home\site\deployments\tools\deploy.cmd&quot;" /><!-- duration: 52264ms -->
        <step title="Functions are not enabled" date="2017-04-29T06:31:58.772" /><!-- duration: 0ms -->
      </step><!-- duration: 52642ms -->
    </step><!-- duration: 52819ms -->
    <step title="Cleaning up temp files" date="2017-04-29T06:31:58.992" /><!-- duration: 0ms -->
    <step title="WebHooksManager.PublishEventAsync: PostDeployment" date="2017-04-29T06:31:59.008" /><!-- duration: 16ms -->
  </step><!-- duration: 53763ms -->
</step><!-- duration: 53778ms -->
