<step title="BackgroundTrace" date="2017-04-26T00:28:02.018" instance="b6c882" url="/deploy" method="POST" >
  <step title="Performing fetch based deployment" date="2017-04-26T00:28:02.018" >
    <step title="Creating temporary deployment" date="2017-04-26T00:28:02.018" /><!-- duration: 31ms -->
    <step title="LibGit2SharpRepository Add Remote" date="2017-04-26T00:28:02.096" >
      <step title="Git remote exists" date="2017-04-26T00:28:02.096" /><!-- duration: 0ms -->
    </step><!-- duration: 0ms -->
    <step title="LibGit2SharpRepository Fetch" date="2017-04-26T00:28:02.096" /><!-- duration: 391ms -->
    <step title="LibGit2SharpRepository Update" date="2017-04-26T00:28:02.486" /><!-- duration: 219ms -->
    <step title="DeploymentManager.Deploy(id:24514c1d28ef5d620bca99465fe29b987bb06ffe)" date="2017-04-26T00:28:02.736" >
      <step title="Collecting changeset information" date="2017-04-26T00:28:02.752" /><!-- duration: 16ms -->
      <step title="Updating submodules" date="2017-04-26T00:28:02.783" /><!-- duration: 16ms -->
      <step title="Determining deployment builder" date="2017-04-26T00:28:02.862" >
        <step title="Builder is CustomBuilder" date="2017-04-26T00:28:02.862" /><!-- duration: 0ms -->
      </step><!-- duration: 0ms -->
      <step title="Copying SSH keys" date="2017-04-26T00:28:02.877" /><!-- duration: 0ms -->
      <step title="Building" date="2017-04-26T00:28:02.877" >
        <step title="Executing external process" date="2017-04-26T00:28:02.942" type="process" path="starter.cmd" arguments="deploy.cmd" /><!-- duration: 27089ms -->
        <step title="Executing external process" date="2017-04-26T00:28:30.109" type="process" path="starter.cmd" arguments="PowerShell.exe -ExecutionPolicy RemoteSigned -File &quot;D:\Program Files (x86)\SiteExtensions\PERFORMANCETESTING\0.0.5-beta\PostDeploymentActions\Performance Test.ps1&quot;" /><!-- duration: 512065ms -->
        <step title="Functions are not enabled" date="2017-04-26T00:37:02.174" /><!-- duration: 16ms -->
        <step title="Purge deployment items" date="2017-04-26T00:37:02.299" >
          <step title="Remove 5c56ee0ff, Failed, received at 4/26/2017 12:21:48 AM" date="2017-04-26T00:37:02.331" /><!-- duration: 0ms -->
        </step><!-- duration: 47ms -->
      </step><!-- duration: 539484ms -->
    </step><!-- duration: 539625ms -->
    <step title="Cleaning up temp files" date="2017-04-26T00:37:02.377" /><!-- duration: 0ms -->
    <step title="WebHooksManager.PublishEventAsync: PostDeployment" date="2017-04-26T00:37:02.377" /><!-- duration: 16ms -->
  </step><!-- duration: 540407ms -->
</step><!-- duration: 540407ms -->
