<step title="BackgroundTrace" date="2017-04-29T03:01:45.955" instance="a544f2" url="/deploy" method="POST" >
  <step title="Performing fetch based deployment" date="2017-04-29T03:01:45.955" >
    <step title="Creating temporary deployment" date="2017-04-29T03:01:46.002" /><!-- duration: 31ms -->
    <step title="LibGit2SharpRepository Add Remote" date="2017-04-29T03:01:46.147" >
      <step title="Git remote exists" date="2017-04-29T03:01:46.147" /><!-- duration: 0ms -->
    </step><!-- duration: 16ms -->
    <step title="LibGit2SharpRepository Fetch" date="2017-04-29T03:01:46.163" /><!-- duration: 1255ms -->
    <step title="LibGit2SharpRepository Update" date="2017-04-29T03:01:47.418" /><!-- duration: 287ms -->
    <step title="DeploymentManager.Deploy(id:963572c300aa18b4a7436815d992acf4d0006158)" date="2017-04-29T03:01:47.736" >
      <step title="Collecting changeset information" date="2017-04-29T03:01:47.736" /><!-- duration: 47ms -->
      <step title="Updating submodules" date="2017-04-29T03:01:47.783" /><!-- duration: 32ms -->
      <step title="Determining deployment builder" date="2017-04-29T03:01:47.880" >
        <step title="Builder is NodeSiteBuilder" date="2017-04-29T03:01:47.880" /><!-- duration: 16ms -->
      </step><!-- duration: 16ms -->
      <step title="Copying SSH keys" date="2017-04-29T03:01:47.911" /><!-- duration: 0ms -->
      <step title="Building" date="2017-04-29T03:01:47.911" >
        <step title="Generating deployment script" date="2017-04-29T03:01:47.943" >
          <step title="Using cached version of the deployment script for command: -y --no-dot-deployment -r &quot;D:\home\site\repository&quot; -o &quot;D:\home\site\deployments\tools&quot; --node --sitePath &quot;D:\home\site\repository&quot;" date="2017-04-29T03:01:47.975" /><!-- duration: 0ms -->
        </step><!-- duration: 47ms -->
        <step title="Executing external process" date="2017-04-29T03:01:48.037" type="process" path="starter.cmd" arguments="&quot;D:\home\site\deployments\tools\deploy.cmd&quot;" /><!-- duration: 63415ms -->
        <step title="Functions are not enabled" date="2017-04-29T03:02:51.502" /><!-- duration: 0ms -->
      </step><!-- duration: 63734ms -->
    </step><!-- duration: 63908ms -->
    <step title="Cleaning up temp files" date="2017-04-29T03:02:51.645" /><!-- duration: 0ms -->
    <step title="WebHooksManager.PublishEventAsync: PostDeployment" date="2017-04-29T03:02:51.660" /><!-- duration: 31ms -->
  </step><!-- duration: 65752ms -->
</step><!-- duration: 65768ms -->
