<step title="BackgroundTrace" date="2017-04-29T04:39:25.831" instance="a544f2" url="/deploy" method="POST" >
  <step title="Performing fetch based deployment" date="2017-04-29T04:39:25.831" >
    <step title="Creating temporary deployment" date="2017-04-29T04:39:25.847" /><!-- duration: 160ms -->
    <step title="LibGit2SharpRepository Add Remote" date="2017-04-29T04:39:26.086" >
      <step title="Git remote exists" date="2017-04-29T04:39:26.086" /><!-- duration: 0ms -->
    </step><!-- duration: 0ms -->
    <step title="LibGit2SharpRepository Fetch" date="2017-04-29T04:39:26.086" /><!-- duration: 429ms -->
    <step title="LibGit2SharpRepository Update" date="2017-04-29T04:39:26.515" /><!-- duration: 220ms -->
    <step title="DeploymentManager.Deploy(id:6a1941286303925482dadd71040c48d728ebe412)" date="2017-04-29T04:39:26.766" >
      <step title="Collecting changeset information" date="2017-04-29T04:39:26.782" /><!-- duration: 16ms -->
      <step title="Updating submodules" date="2017-04-29T04:39:26.797" /><!-- duration: 47ms -->
      <step title="Determining deployment builder" date="2017-04-29T04:39:26.907" >
        <step title="Builder is NodeSiteBuilder" date="2017-04-29T04:39:26.907" /><!-- duration: 0ms -->
      </step><!-- duration: 0ms -->
      <step title="Copying SSH keys" date="2017-04-29T04:39:26.923" /><!-- duration: 16ms -->
      <step title="Building" date="2017-04-29T04:39:26.938" >
        <step title="Generating deployment script" date="2017-04-29T04:39:26.969" >
          <step title="Using cached version of the deployment script for command: -y --no-dot-deployment -r &quot;D:\home\site\repository&quot; -o &quot;D:\home\site\deployments\tools&quot; --node --sitePath &quot;D:\home\site\repository&quot;" date="2017-04-29T04:39:26.985" /><!-- duration: 0ms -->
        </step><!-- duration: 16ms -->
        <step title="Executing external process" date="2017-04-29T04:39:27.033" type="process" path="starter.cmd" arguments="&quot;D:\home\site\deployments\tools\deploy.cmd&quot;" /><!-- duration: 53236ms -->
        <step title="Functions are not enabled" date="2017-04-29T04:40:20.285" /><!-- duration: 0ms -->
      </step><!-- duration: 53505ms -->
    </step><!-- duration: 53676ms -->
    <step title="Cleaning up temp files" date="2017-04-29T04:40:20.443" /><!-- duration: 16ms -->
    <step title="WebHooksManager.PublishEventAsync: PostDeployment" date="2017-04-29T04:40:20.458" /><!-- duration: 16ms -->
  </step><!-- duration: 54658ms -->
</step><!-- duration: 54674ms -->
