<step title="BackgroundTrace" date="2017-04-25T22:36:27.210" instance="b6c882" url="/deploy" method="POST" >
  <step title="Creating temporary deployment" date="2017-04-25T22:36:27.210" /><!-- duration: 31ms -->
  <step title="Performing fetch based deployment" date="2017-04-25T22:36:27.241" >
    <step title="LibGit2SharpRepository Add Remote" date="2017-04-25T22:36:27.288" >
      <step title="Git remote exists" date="2017-04-25T22:36:27.288" /><!-- duration: 0ms -->
    </step><!-- duration: 0ms -->
    <step title="LibGit2SharpRepository Fetch" date="2017-04-25T22:36:27.304" /><!-- duration: 220ms -->
    <step title="LibGit2SharpRepository Update" date="2017-04-25T22:36:27.524" /><!-- duration: 159ms -->
    <step title="DeploymentManager.Deploy(id:aa3af2e2d01c17dbdc8f630f0802fac5753b1d02)" date="2017-04-25T22:36:27.699" >
      <step title="Collecting changeset information" date="2017-04-25T22:36:27.715" /><!-- duration: 16ms -->
      <step title="Updating submodules" date="2017-04-25T22:36:27.746" /><!-- duration: 32ms -->
      <step title="Determining deployment builder" date="2017-04-25T22:36:27.826" >
        <step title="Builder is NodeSiteBuilder" date="2017-04-25T22:36:27.826" /><!-- duration: 0ms -->
      </step><!-- duration: 16ms -->
      <step title="Copying SSH keys" date="2017-04-25T22:36:27.842" /><!-- duration: 16ms -->
      <step title="Building" date="2017-04-25T22:36:27.858" >
        <step title="Generating deployment script" date="2017-04-25T22:36:27.889" >
          <step title="Using cached version of the deployment script for command: -y --no-dot-deployment -r &quot;D:\home\site\repository&quot; -o &quot;D:\home\site\deployments\tools&quot; --node --sitePath &quot;D:\home\site\repository&quot;" date="2017-04-25T22:36:27.904" /><!-- duration: 0ms -->
        </step><!-- duration: 16ms -->
        <step title="Executing external process" date="2017-04-25T22:36:27.951" type="process" path="starter.cmd" arguments="&quot;D:\home\site\deployments\tools\deploy.cmd&quot;" /><!-- duration: 4844ms -->
        <step title="Executing external process" date="2017-04-25T22:36:32.858" type="process" path="starter.cmd" arguments="PowerShell.exe -ExecutionPolicy RemoteSigned -File &quot;D:\Program Files (x86)\SiteExtensions\PERFORMANCETESTING\0.0.5-beta\PostDeploymentActions\Performance Test.ps1&quot;" /><!-- duration: 455302ms -->
        <step title="Functions are not enabled" date="2017-04-25T22:44:08.159" /><!-- duration: 0ms -->
      </step><!-- duration: 460428ms -->
    </step><!-- duration: 460602ms -->
    <step title="Cleaning up temp files" date="2017-04-25T22:44:08.302" /><!-- duration: 0ms -->
    <step title="WebHooksManager.PublishEventAsync: PostDeployment" date="2017-04-25T22:44:08.317" /><!-- duration: 16ms -->
  </step><!-- duration: 461092ms -->
</step><!-- duration: 461139ms -->
