<step title="BackgroundTrace" date="2017-04-28T17:54:31.416" instance="b6c882" url="/deploy" method="POST" >
  <step title="Performing fetch based deployment" date="2017-04-28T17:54:31.416" >
    <step title="Creating temporary deployment" date="2017-04-28T17:54:31.416" /><!-- duration: 31ms -->
    <step title="LibGit2SharpRepository Add Remote" date="2017-04-28T17:54:31.526" >
      <step title="Git remote added" date="2017-04-28T17:54:31.651" /><!-- duration: 0ms -->
    </step><!-- duration: 126ms -->
    <step title="LibGit2SharpRepository Fetch" date="2017-04-28T17:54:31.651" /><!-- duration: 615ms -->
    <step title="LibGit2SharpRepository Update" date="2017-04-28T17:54:32.266" /><!-- duration: 221ms -->
    <step title="DeploymentManager.Deploy(id:449d82d6c0317b8ae4c1b0c79128e80c7b6f39a2)" date="2017-04-28T17:54:32.533" >
      <step title="Collecting changeset information" date="2017-04-28T17:54:32.533" /><!-- duration: 16ms -->
      <step title="Updating submodules" date="2017-04-28T17:54:32.549" /><!-- duration: 32ms -->
      <step title="Determining deployment builder" date="2017-04-28T17:54:32.628" >
        <step title="Builder is CustomBuilder" date="2017-04-28T17:54:32.628" /><!-- duration: 0ms -->
      </step><!-- duration: 0ms -->
      <step title="Copying SSH keys" date="2017-04-28T17:54:32.644" /><!-- duration: 0ms -->
      <step title="Building" date="2017-04-28T17:54:32.644" >
        <step title="Executing external process" date="2017-04-28T17:54:32.706" type="process" path="starter.cmd" arguments="deploy.cmd" >
          <step title="Cpu: node(12104,97.125s)+cmd(14312,0.047s)=total(97.172s)" date="2017-04-28T17:56:23.677" /><!-- duration: 0ms -->
          <step title="starter.cmd: no io activity for 60s, prev-cpu=-1.000s, current-cpu=97.172s" date="2017-04-28T17:56:23.677" /><!-- duration: 0ms -->
          <step title="Cpu: node(12104,135.172s)+cmd(14312,0.047s)=total(135.219s)" date="2017-04-28T17:57:24.057" /><!-- duration: 0ms -->
          <step title="starter.cmd: no io activity for 120s, prev-cpu=97.172s, current-cpu=135.219s" date="2017-04-28T17:57:24.073" /><!-- duration: 0ms -->
          <step title="Cpu: node(12104,158.688s)+cmd(14312,0.047s)=total(158.734s)" date="2017-04-28T17:58:24.500" /><!-- duration: 16ms -->
          <step title="starter.cmd: no io activity for 181s, prev-cpu=135.219s, current-cpu=158.734s" date="2017-04-28T17:58:24.516" /><!-- duration: 0ms -->
          <step title="Cpu: node(2472,6.609s)+node(6760,0.359s)+cmd(9736,0.031s)+node(5336,2.219s)+cmd(14312,0.047s)=total(9.266s)" date="2017-04-28T18:01:53.126" /><!-- duration: 0ms -->
          <step title="starter.cmd: no io activity for 61s, prev-cpu=-1.000s, current-cpu=9.266s" date="2017-04-28T18:01:53.126" /><!-- duration: 0ms -->
          <step title="Cpu: node(2472,6.688s)+node(6760,0.359s)+cmd(9736,0.031s)+node(5336,2.219s)+cmd(14312,0.047s)=total(9.344s)" date="2017-04-28T18:02:53.633" /><!-- duration: 0ms -->
          <step title="starter.cmd: no io activity for 121s, prev-cpu=9.266s, current-cpu=9.344s" date="2017-04-28T18:02:53.645" /><!-- duration: 0ms -->
          <step title="Cpu: node(2472,6.688s)+node(6760,0.359s)+cmd(9736,0.031s)+node(5336,2.219s)+cmd(14312,0.047s)=total(9.344s)" date="2017-04-28T18:03:54.138" /><!-- duration: 0ms -->
          <step title="starter.cmd: no io activity for 182s, prev-cpu=9.344s, current-cpu=9.344s" date="2017-04-28T18:03:54.138" /><!-- duration: 16ms -->
          <step title="Abort Process &apos;node(2472)&apos;." date="2017-04-28T18:03:54.170" /><!-- duration: 0ms -->
          <step title="Abort Process &apos;node(6760)&apos;." date="2017-04-28T18:03:54.187" /><!-- duration: 0ms -->
          <step title="Abort Process &apos;node(5336)&apos;." date="2017-04-28T18:03:54.217" /><!-- duration: 16ms -->
          <step title="Abort Process &apos;cmd(14312)&apos;." date="2017-04-28T18:03:54.233" /><!-- duration: 0ms -->
        </step><!-- duration: 561526ms -->
        <step title="Error occurred" date="2017-04-28T18:03:54.248" type="error" text="One or more errors occurred." stackTrace="   at System.Threading.Tasks.Task.ThrowIfExceptional(Boolean includeTaskCanceledExceptions)
   at System.Threading.Tasks.Task`1.GetResultCore(Boolean waitCompletionNotification)
   at System.Threading.Tasks.Task`1.get_Result()
   at Kudu.Core.Infrastructure.Executable.ExecuteInternal(ITracer tracer, Func`2 onWriteOutput, Func`2 onWriteError, Encoding encoding, String arguments, Object[] args)
   at Kudu.Core.Infrastructure.Executable.ExecuteWithProgressWriter(ILogger logger, ITracer tracer, String arguments, Object[] args)
   at Kudu.Core.Deployment.Generator.ExternalCommandBuilder.RunCommand(DeploymentContext context, String command, String message)" innerText="Command &apos;starter.cmd deploy.cmd&apos; was aborted due to no output nor CPU activity for 60 seconds. You can increase the SCM_COMMAND_IDLE_TIMEOUT app setting (or WEBJOBS_IDLE_TIMEOUT if this is a WebJob) if needed.
starter.cmd deploy.cmd" innerStackTrace="   at Kudu.Core.Infrastructure.IdleManager.WaitForExit(IProcess process)
   at Kudu.Core.Infrastructure.ProcessExtensions.&lt;Start&gt;d__12.MoveNext()
--- End of stack trace from previous location where exception was thrown ---
   at System.Runtime.CompilerServices.TaskAwaiter.ThrowForNonSuccess(Task task)
   at System.Runtime.CompilerServices.TaskAwaiter.HandleNonSuccessAndDebuggerNotification(Task task)
   at Kudu.Core.Infrastructure.Executable.&lt;ExecuteAsync&gt;d__31.MoveNext()" /><!-- duration: 0ms -->
      </step><!-- duration: 561668ms -->
      <step title="Error occurred" date="2017-04-28T18:03:54.312" type="error" text="One or more errors occurred." stackTrace="   at System.Threading.Tasks.Task.ThrowIfExceptional(Boolean includeTaskCanceledExceptions)
   at System.Threading.Tasks.Task`1.GetResultCore(Boolean waitCompletionNotification)
   at System.Threading.Tasks.Task`1.get_Result()
   at Kudu.Core.Infrastructure.Executable.ExecuteInternal(ITracer tracer, Func`2 onWriteOutput, Func`2 onWriteError, Encoding encoding, String arguments, Object[] args)
   at Kudu.Core.Infrastructure.Executable.ExecuteWithProgressWriter(ILogger logger, ITracer tracer, String arguments, Object[] args)
   at Kudu.Core.Deployment.Generator.ExternalCommandBuilder.RunCommand(DeploymentContext context, String command, String message)
   at Kudu.Core.Deployment.Generator.CustomBuilder.Build(DeploymentContext context)
--- End of stack trace from previous location where exception was thrown ---
   at System.Runtime.CompilerServices.TaskAwaiter.ThrowForNonSuccess(Task task)
   at System.Runtime.CompilerServices.TaskAwaiter.HandleNonSuccessAndDebuggerNotification(Task task)
   at System.Runtime.CompilerServices.TaskAwaiter.ValidateEnd(Task task)
   at Kudu.Core.Deployment.DeploymentManager.&lt;Build&gt;d__35.MoveNext()" innerText="Command &apos;starter.cmd deploy.cmd&apos; was aborted due to no output nor CPU activity for 60 seconds. You can increase the SCM_COMMAND_IDLE_TIMEOUT app setting (or WEBJOBS_IDLE_TIMEOUT if this is a WebJob) if needed.
starter.cmd deploy.cmd" innerStackTrace="   at Kudu.Core.Infrastructure.IdleManager.WaitForExit(IProcess process)
   at Kudu.Core.Infrastructure.ProcessExtensions.&lt;Start&gt;d__12.MoveNext()
--- End of stack trace from previous location where exception was thrown ---
   at System.Runtime.CompilerServices.TaskAwaiter.ThrowForNonSuccess(Task task)
   at System.Runtime.CompilerServices.TaskAwaiter.HandleNonSuccessAndDebuggerNotification(Task task)
   at Kudu.Core.Infrastructure.Executable.&lt;ExecuteAsync&gt;d__31.MoveNext()" /><!-- duration: 0ms -->
    </step><!-- duration: 561779ms -->
    <step title="Cleaning up temp files" date="2017-04-28T18:03:54.312" /><!-- duration: 0ms -->
    <step title="WebHooksManager.PublishEventAsync: PostDeployment" date="2017-04-28T18:03:54.328" /><!-- duration: 16ms -->
  </step><!-- duration: 562943ms -->
  <step title="Performing fetch based deployment" date="2017-04-28T18:03:54.375" >
    <step title="LibGit2SharpRepository Add Remote" date="2017-04-28T18:03:54.406" >
      <step title="Git remote exists" date="2017-04-28T18:03:54.406" /><!-- duration: 0ms -->
    </step><!-- duration: 16ms -->
    <step title="LibGit2SharpRepository Fetch" date="2017-04-28T18:03:54.422" /><!-- duration: 453ms -->
    <step title="LibGit2SharpRepository Update" date="2017-04-28T18:03:54.874" /><!-- duration: 174ms -->
    <step title="DeploymentManager.Deploy(id:449d82d6c0317b8ae4c1b0c79128e80c7b6f39a2)" date="2017-04-28T18:03:55.081" >
      <step title="Collecting changeset information" date="2017-04-28T18:03:55.081" /><!-- duration: 31ms -->
      <step title="Updating submodules" date="2017-04-28T18:03:55.127" /><!-- duration: 47ms -->
      <step title="Determining deployment builder" date="2017-04-28T18:03:55.286" >
        <step title="Builder is CustomBuilder" date="2017-04-28T18:03:55.286" /><!-- duration: 0ms -->
      </step><!-- duration: 0ms -->
      <step title="Copying SSH keys" date="2017-04-28T18:03:55.317" /><!-- duration: 0ms -->
      <step title="Building" date="2017-04-28T18:03:55.317" >
        <step title="Executing external process" date="2017-04-28T18:03:55.395" type="process" path="starter.cmd" arguments="deploy.cmd" >
          <step title="Cpu: node(13732,5.453s)+node(3048,0.359s)+cmd(10752,0.063s)+node(10080,2.203s)+cmd(10352,0.078s)=total(8.156s)" date="2017-04-28T18:07:04.799" /><!-- duration: 12ms -->
          <step title="starter.cmd: no io activity for 60s, prev-cpu=-1.000s, current-cpu=8.156s" date="2017-04-28T18:07:04.810" /><!-- duration: 0ms -->
          <step title="Cpu: node(13732,5.453s)+node(3048,0.359s)+cmd(10752,0.063s)+node(10080,2.203s)+cmd(10352,0.078s)=total(8.156s)" date="2017-04-28T18:08:05.176" /><!-- duration: 0ms -->
          <step title="starter.cmd: no io activity for 121s, prev-cpu=8.156s, current-cpu=8.156s" date="2017-04-28T18:08:05.176" /><!-- duration: 16ms -->
          <step title="Abort Process &apos;node(13732)&apos;." date="2017-04-28T18:08:05.207" /><!-- duration: 0ms -->
          <step title="Abort Process &apos;cmd(10752)&apos;." date="2017-04-28T18:08:05.223" /><!-- duration: 0ms -->
          <step title="Abort Process &apos;node(10080)&apos;." date="2017-04-28T18:08:05.270" /><!-- duration: 0ms -->
          <step title="Abort Process &apos;cmd(10352)&apos;." date="2017-04-28T18:08:05.270" /><!-- duration: 0ms -->
        </step><!-- duration: 249875ms -->
        <step title="Error occurred" date="2017-04-28T18:08:05.285" type="error" text="One or more errors occurred." stackTrace="   at System.Threading.Tasks.Task.ThrowIfExceptional(Boolean includeTaskCanceledExceptions)
   at System.Threading.Tasks.Task`1.GetResultCore(Boolean waitCompletionNotification)
   at System.Threading.Tasks.Task`1.get_Result()
   at Kudu.Core.Infrastructure.Executable.ExecuteInternal(ITracer tracer, Func`2 onWriteOutput, Func`2 onWriteError, Encoding encoding, String arguments, Object[] args)
   at Kudu.Core.Infrastructure.Executable.ExecuteWithProgressWriter(ILogger logger, ITracer tracer, String arguments, Object[] args)
   at Kudu.Core.Deployment.Generator.ExternalCommandBuilder.RunCommand(DeploymentContext context, String command, String message)" innerText="Command &apos;starter.cmd deploy.cmd&apos; was aborted due to no output nor CPU activity for 60 seconds. You can increase the SCM_COMMAND_IDLE_TIMEOUT app setting (or WEBJOBS_IDLE_TIMEOUT if this is a WebJob) if needed.
starter.cmd deploy.cmd" innerStackTrace="   at Kudu.Core.Infrastructure.IdleManager.WaitForExit(IProcess process)
   at Kudu.Core.Infrastructure.ProcessExtensions.&lt;Start&gt;d__12.MoveNext()
--- End of stack trace from previous location where exception was thrown ---
   at System.Runtime.CompilerServices.TaskAwaiter.ThrowForNonSuccess(Task task)
   at System.Runtime.CompilerServices.TaskAwaiter.HandleNonSuccessAndDebuggerNotification(Task task)
   at Kudu.Core.Infrastructure.Executable.&lt;ExecuteAsync&gt;d__31.MoveNext()" /><!-- duration: 0ms -->
      </step><!-- duration: 250031ms -->
      <step title="Error occurred" date="2017-04-28T18:08:05.348" type="error" text="One or more errors occurred." stackTrace="   at System.Threading.Tasks.Task.ThrowIfExceptional(Boolean includeTaskCanceledExceptions)
   at System.Threading.Tasks.Task`1.GetResultCore(Boolean waitCompletionNotification)
   at System.Threading.Tasks.Task`1.get_Result()
   at Kudu.Core.Infrastructure.Executable.ExecuteInternal(ITracer tracer, Func`2 onWriteOutput, Func`2 onWriteError, Encoding encoding, String arguments, Object[] args)
   at Kudu.Core.Infrastructure.Executable.ExecuteWithProgressWriter(ILogger logger, ITracer tracer, String arguments, Object[] args)
   at Kudu.Core.Deployment.Generator.ExternalCommandBuilder.RunCommand(DeploymentContext context, String command, String message)
   at Kudu.Core.Deployment.Generator.CustomBuilder.Build(DeploymentContext context)
--- End of stack trace from previous location where exception was thrown ---
   at System.Runtime.CompilerServices.TaskAwaiter.ThrowForNonSuccess(Task task)
   at System.Runtime.CompilerServices.TaskAwaiter.HandleNonSuccessAndDebuggerNotification(Task task)
   at System.Runtime.CompilerServices.TaskAwaiter.ValidateEnd(Task task)
   at Kudu.Core.Deployment.DeploymentManager.&lt;Build&gt;d__35.MoveNext()" innerText="Command &apos;starter.cmd deploy.cmd&apos; was aborted due to no output nor CPU activity for 60 seconds. You can increase the SCM_COMMAND_IDLE_TIMEOUT app setting (or WEBJOBS_IDLE_TIMEOUT if this is a WebJob) if needed.
starter.cmd deploy.cmd" innerStackTrace="   at Kudu.Core.Infrastructure.IdleManager.WaitForExit(IProcess process)
   at Kudu.Core.Infrastructure.ProcessExtensions.&lt;Start&gt;d__12.MoveNext()
--- End of stack trace from previous location where exception was thrown ---
   at System.Runtime.CompilerServices.TaskAwaiter.ThrowForNonSuccess(Task task)
   at System.Runtime.CompilerServices.TaskAwaiter.HandleNonSuccessAndDebuggerNotification(Task task)
   at Kudu.Core.Infrastructure.Executable.&lt;ExecuteAsync&gt;d__31.MoveNext()" /><!-- duration: 0ms -->
    </step><!-- duration: 250267ms -->
    <step title="Cleaning up temp files" date="2017-04-28T18:08:05.363" /><!-- duration: 0ms -->
    <step title="WebHooksManager.PublishEventAsync: PostDeployment" date="2017-04-28T18:08:05.363" /><!-- duration: 31ms -->
  </step><!-- duration: 251036ms -->
</step><!-- duration: 814010ms -->
