﻿<?xml version="1.0" encoding="utf-8"?>
<deployment>
  <id>ff8e4dcd547abd88e5bfe3f3d94ff483d9450c22</id>
  <author>Chad Martin</author>
  <deployer>GitHub</deployer>
  <authorEmail>Chad Martin</authorEmail>
  <message>azure deploy easy
</message>
  <progress></progress>
  <status>Success</status>
  <statusText></statusText>
  <lastSuccessEndTime>2017-04-29T05:09:01.2772151Z</lastSuccessEndTime>
  <receivedTime>2017-04-29T05:08:05.3047478Z</receivedTime>
  <startTime>2017-04-29T05:08:05.6254892Z</startTime>
  <endTime>2017-04-29T05:09:01.2772151Z</endTime>
  <complete>True</complete>
  <is_temp>False</is_temp>
  <is_readonly>False</is_readonly>
</deployment>