﻿<?xml version="1.0" encoding="utf-8"?>
<deployment>
  <id>87b5b38130341972849a83727bf2603f086df7e7</id>
  <author>Chad Martin</author>
  <deployer>GitHub</deployer>
  <authorEmail>Chad Martin</authorEmail>
  <message>azure code deploy 3
</message>
  <progress></progress>
  <status>Success</status>
  <statusText></statusText>
  <lastSuccessEndTime>2017-04-29T04:20:54.495976Z</lastSuccessEndTime>
  <receivedTime>2017-04-29T04:20:00.5566963Z</receivedTime>
  <startTime>2017-04-29T04:20:00.6980724Z</startTime>
  <endTime>2017-04-29T04:20:54.495976Z</endTime>
  <complete>True</complete>
  <is_temp>False</is_temp>
  <is_readonly>False</is_readonly>
</deployment>