﻿<?xml version="1.0" encoding="utf-8"?>
<deployment>
  <id>e477653e27cabadea0627826b1e3090bc408992e</id>
  <author>Chad Martin</author>
  <deployer>GitHub</deployer>
  <authorEmail>Chad Martin</authorEmail>
  <message>azure code deploy 1
</message>
  <progress></progress>
  <status>Success</status>
  <statusText></statusText>
  <lastSuccessEndTime>2017-04-29T03:35:33.3525523Z</lastSuccessEndTime>
  <receivedTime>2017-04-29T03:34:29.2105712Z</receivedTime>
  <startTime>2017-04-29T03:34:29.5074257Z</startTime>
  <endTime>2017-04-29T03:35:33.3525523Z</endTime>
  <complete>True</complete>
  <is_temp>False</is_temp>
  <is_readonly>False</is_readonly>
</deployment>