﻿<?xml version="1.0" encoding="utf-8"?>
<deployment>
  <id>0ee8a5a6b70f3361ff9cec95fe5e3328b1a1c0a9</id>
  <author>Chad Martin</author>
  <deployer>GitHub</deployer>
  <authorEmail>Chad Martin</authorEmail>
  <message>azure code deploy 21
</message>
  <progress></progress>
  <status>Success</status>
  <statusText></statusText>
  <lastSuccessEndTime>2017-04-29T03:55:57.2384442Z</lastSuccessEndTime>
  <receivedTime>2017-04-29T03:55:02.3869022Z</receivedTime>
  <startTime>2017-04-29T03:55:02.4650259Z</startTime>
  <endTime>2017-04-29T03:55:57.2384442Z</endTime>
  <complete>True</complete>
  <is_temp>False</is_temp>
  <is_readonly>False</is_readonly>
</deployment>